t,original_y,smoothed_y
0,0.197023,0.197023
0.001,0.179715,0.180584
0.002,0.273317,0.225802
0.003,-0.159623,0.0991377
0.004,-0.147572,0.0378507
0.005,-0.16168,-0.00209478
0.006,-0.254706,-0.0445623
0.007,0.218409,-0.00635193
0.008,-0.208014,-0.0322265
0.009,0.29482,0.00544874
0.01,0.0442213,0.00951273
0.011,-0.277181,-0.0181297
0.012,0.216952,0.00291216
0.013,0.275313,0.0257244
0.014,0.159634,0.0362873
0.015,0.200717,0.0485758
0.016,0.0464594,0.0484252
0.017,0.159742,0.0560045
0.018,-0.526941,0.0178793
0.019,-0.0598972,0.0129756
0.02,0.0796748,0.0170429
0.021,-0.0132245,0.0152525
0.022,-0.0363241,0.0122853
0.023,-0.273982,-0.00377055
0.024,-0.119627,-0.0101195
0.025,0.303095,0.00668421
0.026,-0.134226,-0.000730091
0.027,0.0210241,0.000394384
0.028,0.138582,0.007422
0.029,-0.00923407,0.00658748
0.03,-0.249842,-0.00608623
0.031,-0.216861,-0.0163741
0.032,0.17672,-0.00705662
0.033,0.248295,0.00513628
0.034,0.066586,0.00804237
0.035,0.188675,0.0165099
0.036,-0.0443034,0.0136821
0.037,0.175835,0.0211665
0.038,-0.00555488,0.0199415
0.039,0.242598,0.0300857
0.04,-0.166759,0.0211685
0.041,0.244903,0.031251
0.042,0.193529,0.0385289
0.043,0.0863002,0.040662
0.044,-0.132835,0.0329461
0.045,-0.12741,0.0258409
0.046,0.344865,0.0399287
0.047,-0.0238777,0.0371198
0.048,-0.130822,0.0297477
0.049,0.339305,0.0433009
0.05,0.249817,0.0523212
0.051,0.0228021,0.0510347
0.052,0.131561,0.0545372
0.053,-0.107677,0.0474947
0.054,0.23301,0.0555352
0.055,0.17884,0.0608712
0.056,0.0602496,0.0608443
0.057,-0.214037,0.0489812
0.058,-0.16452,0.0397781
0.059,-0.151513,0.0315414
0.06,0.267409,0.0416874
0.061,0.243313,0.0503524
0.062,0.202812,0.056899
0.063,0.0382911,0.0561006
0.064,-0.0225076,0.0527302
0.065,-0.178648,0.0428159
0.066,-0.106567,0.0364189
0.067,0.153656,0.0414366
0.068,0.101401,0.0440018
0.069,0.171307,0.0494451
0.07,0.0965704,0.0514593
0.071,0.0332948,0.0506832
0.072,-0.175485,0.0410238
0.073,0.136998,0.0451215
0.074,0.163701,0.0501827
0.075,-0.4716,0.0279178
0.076,-0.184802,0.0188431
0.077,0.237994,0.02819
0.078,0.536186,0.0498517
0.079,0.086104,0.0513973
0.08,-0.0535075,0.0469256
0.081,0.54113,0.0679882
0.082,0.266217,0.0764353
0.083,0.252904,0.0839541
0.084,0.532119,0.103047
0.085,0.213085,0.107734
0.086,0.184051,0.110984
0.087,0.30189,0.119115
0.088,-0.0326619,0.112651
0.089,-0.13795,0.101981
0.09,0.333783,0.11185
0.091,0.0406886,0.108821
0.092,-0.0973344,0.100044
0.093,0.244522,0.106194
0.094,0.0113595,0.102157
0.095,0.313741,0.111164
0.096,-0.0024123,0.106329
0.097,0.101958,0.106143
0.098,0.236137,0.111676
0.099,0.161947,0.113816
0.1,-0.0547688,0.106641
0.101,0.332551,0.116255
0.102,0.407601,0.128653
0.103,0.2093,0.132085
0.104,0.160146,0.133279
0.105,0.0799049,0.131008
0.106,0.181196,0.133144
0.107,0.374079,0.143396
0.108,-0.165813,0.130239
0.109,-0.0372893,0.12311
0.11,0.524354,0.140183
0.111,-0.100481,0.129943
0.112,-0.0657287,0.121618
0.113,0.503327,0.137859
0.114,0.353659,0.14704
0.115,0.374008,0.156697
0.116,0.155495,0.156646
0.117,-0.088006,0.146237
0.118,0.149313,0.146368
0.119,0.497445,0.161305
0.12,0.11103,0.159166
0.121,0.26692,0.16375
0.122,-0.155853,0.150153
0.123,0.23626,0.153816
0.124,0.416791,0.165004
0.125,0.182616,0.165754
0.126,0.34886,0.173544
0.127,0.289723,0.178487
0.128,0.799507,0.204908
0.129,0.445822,0.215157
0.13,0.469846,0.225993
0.131,0.342253,0.230939
0.132,-0.112291,0.216337
0.133,0.714555,0.237533
0.134,0.454955,0.246783
0.135,0.553475,0.259831
0.136,0.0665346,0.251607
0.137,0.339835,0.255361
0.138,0.0724089,0.247577
0.139,0.0641691,0.239774
0.14,0.0720256,0.232638
0.141,0.214013,0.231845
0.142,-0.124154,0.2167
0.143,0.178611,0.215079
0.144,0.263775,0.217151
0.145,-0.0391687,0.206246
0.146,0.25019,0.208116
0.147,0.313284,0.21259
0.148,0.319443,0.217136
0.149,0.423567,0.225918
0.15,0.237383,0.226406
0.151,0.354045,0.231836
0.152,-0.256597,0.211057
0.153,0.101138,0.20638
0.154,0.129637,0.203115
0.155,0.360466,0.20981
0.156,0.0461354,0.202846
0.157,0.231942,0.204084
0.158,0.820734,0.230319
0.159,0.665817,0.248846
0.16,0.030523,0.239558
0.161,0.430588,0.247685
0.162,0.182427,0.244909
0.163,0.155693,0.241113
0.164,0.0923,0.234782
0.165,0.541397,0.247827
0.166,0.361838,0.252677
0.167,0.254672,0.252762
0.168,-0.133186,0.236342
0.169,0.209182,0.235187
0.17,0.691646,0.254606
0.171,-0.0351119,0.242281
0.172,0.478267,0.25232
0.173,0.125444,0.246922
0.174,0.324627,0.250228
0.175,0.00312965,0.239716
0.176,0.0452249,0.231442
0.177,0.404725,0.238814
0.178,0.349344,0.243516
0.179,0.292629,0.245605
0.18,0.382354,0.251423
0.181,0.358744,0.255989
0.182,0.810803,0.279593
0.183,0.17668,0.275214
0.184,0.312229,0.276789
0.185,0.526478,0.287412
0.186,0.72476,0.306018
0.187,-0.0601775,0.290439
0.188,0.11388,0.282927
0.189,-0.131724,0.265287
0.19,0.754396,0.286095
0.191,0.509837,0.295614
0.192,0.371199,0.298829
0.193,-0.0866656,0.282429
0.194,0.373382,0.286299
0.195,0.112415,0.278901
0.196,0.312,0.280309
0.197,0.641233,0.295664
0.198,0.174383,0.290504
0.199,0.0990274,0.282358
0.2,0.758869,0.302631
0.201,0.465862,0.309575
0.202,0.290967,0.308783
0.203,0.695639,0.325242
0.204,0.139858,0.317355
0.205,0.367893,0.319505
0.206,0.641175,0.33319
0.207,0.560418,0.342857
0.208,0.0774575,0.331566
0.209,0.379983,0.333626
0.21,0.474689,0.339627
0.211,0.346891,0.339936
0.212,0.191053,0.333602
0.213,0.0860757,0.323071
0.214,0.230733,0.319143
0.215,0.366675,0.321165
0.216,0.014402,0.308114
0.217,0.478137,0.315348
0.218,0.118165,0.306959
0.219,0.0927776,0.297847
0.22,0.303755,0.298098
0.221,0.398607,0.302374
0.222,0.0720858,0.292577
0.223,-0.0524688,0.277898
0.224,0.595524,0.291411
0.225,0.0445007,0.280906
0.226,0.32352,0.282719
0.227,0.280626,0.28263
0.228,0.321958,0.284303
0.229,0.243539,0.282569
0.23,0.744513,0.302222
0.231,0.395876,0.306206
0.232,0.396043,0.310028
0.233,0.433488,0.31528
0.234,0.392978,0.318586
0.235,0.180564,0.312714
0.236,0.117083,0.304391
0.237,0.612486,0.317499
0.238,0.101445,0.308307
0.239,0.411238,0.312686
0.24,0.194368,0.307652
0.241,0.0430655,0.296396
0.242,-0.111029,0.279063
0.243,0.217422,0.27644
0.244,0.334299,0.278902
0.245,0.12064,0.272169
0.246,0.50605,0.282119
0.247,0.272154,0.281695
0.248,0.454291,0.289038
0.249,0.311506,0.289994
0.25,0.487142,0.298381
0.251,0.775029,0.318659
0.252,0.389006,0.321652
0.253,0.254108,0.318778
0.254,0.142853,0.311294
0.255,0.690169,0.327413
0.256,0.519457,0.335583
0.257,0.124567,0.326605
0.258,0.398764,0.329675
0.259,0.363463,0.331113
0.26,0.735647,0.348323
0.261,-0.0669118,0.330658
0.262,0.454063,0.335908
0.263,0.264238,0.332859
0.264,0.678046,0.347544
0.265,0.0327696,0.334152
0.266,0.339726,0.33439
0.267,-0.12004,0.315057
0.268,0.18251,0.309418
0.269,0.432898,0.314671
0.27,0.836106,0.336855
0.271,0.410712,0.339997
0.272,0.711844,0.355816
0.273,-0.102333,0.336325
0.274,0.706642,0.35208
0.275,0.700952,0.366922
0.276,0.263157,0.362507
0.277,-0.0737485,0.343948
0.278,0.675505,0.358053
0.279,0.111182,0.34755
0.28,0.142415,0.338823
0.281,0.00665501,0.324692
0.282,0.220257,0.320249
0.283,0.451459,0.325831
0.284,0.15701,0.318649
0.285,0.29713,0.317733
0.286,0.730126,0.335278
0.287,0.678842,0.349894
0.288,0.30212,0.347862
0.289,0.173591,0.340448
0.29,0.138988,0.331877
0.291,0.217237,0.327
0.292,0.439809,0.331799
0.293,0.377273,0.333733
0.294,0.330488,0.333595
0.295,0.0664766,0.322231
0.296,0.626639,0.335182
0.297,0.0979214,0.325088
0.298,0.586361,0.336203
0.299,0.525768,0.344268
0.3,0.234058,0.339579
0.301,0.310049,0.338323
0.302,0.486565,0.34463
0.303,0.418451,0.34777
0.304,0.790425,0.366602
0.305,0.469284,0.370971
0.306,0.43315,0.373616
0.307,0.885816,0.395407
0.308,0.900788,0.416907
0.309,0.362515,0.414593
0.31,0.67327,0.425598
0.311,0.280502,0.419425
0.312,0.443965,0.420469
0.313,0.395872,0.419423
0.314,0.449345,0.420696
0.315,0.43316,0.421226
0.316,0.621704,0.429755
0.317,0.180682,0.419159
0.318,0.175307,0.408784
0.319,0.249408,0.402004
0.32,0.485173,0.405542
0.321,0.633733,0.41525
0.322,0.354924,0.412684
0.323,0.388641,0.411661
0.324,0.846052,0.430141
0.325,0.465104,0.431629
0.326,0.488766,0.43406
0.327,0.498661,0.436808
0.328,0.625165,0.444821
0.329,0.237205,0.435989
0.33,0.684467,0.44656
0.331,0.450282,0.446718
0.332,0.228453,0.437432
0.333,0.332989,0.432989
0.334,0.227405,0.424243
0.335,0.426302,0.42433
0.336,0.613659,0.432385
0.337,0.807503,0.448344
0.338,0.600944,0.454836
0.339,0.581488,0.460224
0.34,0.579774,0.46531
0.341,0.105452,0.450001
0.342,0.427374,0.449038
0.343,0.252033,0.440657
0.344,0.359607,0.437209
0.345,0.611324,0.444616
0.346,0.121979,0.43089
0.347,0.108277,0.417165
0.348,0.677262,0.42823
0.349,0.615598,0.436202
0.35,0.577023,0.442193
0.351,0.565337,0.447432
0.352,0.732923,0.459577
0.353,0.370807,0.455801
0.354,0.723375,0.467184
0.355,0.522284,0.469528
0.356,0.611361,0.475562
0.357,0.360991,0.470688
0.358,0.355682,0.465795
0.359,0.588301,0.471007
0.36,0.301913,0.463813
0.361,0.463296,0.463791
0.362,0.683235,0.473127
0.363,0.698463,0.482714
0.364,0.536119,0.484986
0.365,0.540228,0.487336
0.366,0.610493,0.492575
0.367,0.665954,0.499952
0.368,0.395444,0.495506
0.369,0.418494,0.492229
0.37,0.84274,0.507141
0.371,0.401026,0.502627
0.372,0.610138,0.507201
0.373,0.647287,0.51316
0.374,0.446747,0.510335
0.375,0.193655,0.496862
0.376,0.190115,0.483812
0.377,0.366016,0.478801
0.378,0.429052,0.476684
0.379,0.259675,0.467452
0.38,0.798337,0.481529
0.381,0.670067,0.48955
0.382,0.413433,0.486312
0.383,0.7644,0.498142
0.384,0.48871,0.497741
0.385,0.093729,0.480553
0.386,0.529859,0.482651
0.387,0.501895,0.483469
0.388,0.446938,0.481915
0.389,0.815345,0.4961
0.39,0.6271,0.501674
0.391,0.173789,0.487724
0.392,0.810016,0.501436
0.393,0.727374,0.511048
0.394,0.0889392,0.49309
0.395,0.589313,0.497184
0.396,0.659333,0.504082
0.397,0.686659,0.511849
0.398,0.458182,0.509566
0.399,0.734198,0.519123
0.4,0.256212,0.507938
0.401,0.577921,0.510915
0.402,0.582434,0.513958
0.403,0.498689,0.513308
0.404,0.241414,0.501741
0.405,0.391001,0.49703
0.406,0.598125,0.50133
0.407,-0.211916,0.470987
0.408,0.519645,0.473057
0.409,0.751357,0.484896
0.41,0.648633,0.491862
0.411,0.534367,0.493671
0.412,0.475855,0.492913
0.413,0.579135,0.496581
0.414,0.417164,0.493202
0.415,0.334153,0.486436
0.416,0.632263,0.49264
0.417,0.35258,0.486681
0.418,0.72448,0.496798
0.419,0.719456,0.506271
0.42,1.01763,0.528026
0.421,0.624049,0.532111
0.422,1.08382,0.555582
0.423,0.881564,0.569451
0.424,0.267623,0.55661
0.425,0.705545,0.562946
0.426,0.677856,0.567835
0.427,0.65811,0.571675
0.428,0.547736,0.570657
0.429,0.541204,0.569404
0.43,0.469928,0.565172
0.431,0.305496,0.554124
0.432,0.571413,0.55486
0.433,0.546258,0.554494
0.434,0.604523,0.556622
0.435,0.436504,0.551512
0.436,0.323799,0.541824
0.437,0.572086,0.543112
0.438,0.399191,0.536989
0.439,0.600137,0.539676
0.44,0.734017,0.547943
0.441,0.799601,0.55865
0.442,1.18895,0.585465
0.443,0.334467,0.574787
0.444,0.722356,0.581065
0.445,0.928249,0.595835
0.446,0.909629,0.609185
0.447,0.0708569,0.586283
0.448,0.683224,0.590407
0.449,0.379712,0.581443
0.45,0.858706,0.593239
0.451,0.555327,0.591626
0.452,0.640148,0.59369
0.453,0.392386,0.585126
0.454,0.27157,0.571786
0.455,0.638788,0.574637
0.456,0.356177,0.565343
0.457,0.450238,0.560446
0.458,0.316474,0.550067
0.459,0.38736,0.543144
0.46,0.520033,0.542161
0.461,0.687313,0.548336
0.462,0.356947,0.540194
0.463,0.267163,0.528578
0.464,0.408146,0.523455
0.465,0.670706,0.529719
0.466,0.64734,0.534723
0.467,0.933928,0.551707
0.468,0.608736,0.554133
0.469,0.743704,0.562198
0.47,0.693387,0.567779
0.471,0.437383,0.562232
0.472,0.8462,0.574313
0.473,0.890462,0.587763
0.474,0.753656,0.594821
0.475,0.423538,0.587534
0.476,1.07747,0.608377
0.477,0.608805,0.608395
0.478,0.668183,0.610939
0.479,0.500802,0.606253
0.48,0.961638,0.621372
0.481,0.833602,0.630401
0.482,0.43982,0.622293
0.483,0.650425,0.62349
0.484,1.27812,0.65134
0.485,0.791785,0.657315
0.486,0.498501,0.650559
0.487,0.883855,0.660484
0.488,0.933128,0.672083
0.489,1.12627,0.691406
0.49,0.591748,0.687166
0.491,0.592556,0.683141
0.492,0.835303,0.689615
0.493,0.562998,0.684228
0.494,0.903068,0.693538
0.495,0.916774,0.703035
0.496,0.545082,0.696316
0.497,0.540009,0.689666
0.498,0.952895,0.700864
0.499,1.01363,0.71417
0.5,0.885458,0.721458
0.501,1.29246,0.74575
0.502,0.570089,0.738277
0.503,0.963749,0.747869
0.504,0.886066,0.753749
0.505,0.807641,0.756041
0.506,0.655954,0.751783
0.507,0.77391,0.752725
0.508,0.807174,0.755041
0.509,0.620107,0.749301
0.51,0.765144,0.749975
0.511,1.10265,0.764979
0.512,0.832911,0.767869
0.513,0.442894,0.754043
0.514,1.07083,0.76752
0.515,0.66254,0.763054
0.516,0.702385,0.760473
0.517,0.591627,0.75329
0.518,0.634711,0.748245
0.519,0.960279,0.757266
0.52,0.590021,0.75015
0.521,0.486969,0.738954
0.522,1.07116,0.753087
0.523,0.893352,0.759055
0.524,1.08632,0.772977
0.525,1.03129,0.783967
0.526,0.772145,0.783464
0.527,0.540339,0.773121
0.528,0.75968,0.772549
0.529,0.673127,0.768319
0.53,0.871505,0.772709
0.531,0.414777,0.757481
0.532,0.72615,0.756148
0.533,0.628318,0.75071
0.534,0.848085,0.754853
0.535,1.00903,0.765666
0.536,1.07368,0.77877
0.537,0.845534,0.781611
0.538,1.08461,0.794501
0.539,0.469807,0.780687
0.54,1.12779,0.795454
0.541,0.766346,0.794216
0.542,1.32529,0.81681
0.543,0.702756,0.811957
0.544,0.7067,0.807479
0.545,1.31397,0.829027
0.546,0.871745,0.830845
0.547,1.38641,0.854481
0.548,0.901282,0.856472
0.549,1.10355,0.866983
0.55,0.642791,0.857445
0.551,0.679061,0.849856
0.552,1.15862,0.862992
0.553,0.539171,0.849216
0.554,0.838733,0.84877
0.555,0.290525,0.82502
0.556,0.927934,0.829399
0.557,1.29887,0.849372
0.558,1.12894,0.861265
0.559,1.00413,0.867343
0.56,0.532487,0.853097
0.561,0.452999,0.836076
0.562,0.90107,0.838841
0.563,0.808394,0.837545
0.564,0.761676,0.834318
0.565,0.660893,0.82694
0.566,1.01946,0.83513
0.567,0.42276,0.817587
0.568,1.34989,0.840233
0.569,0.627778,0.831194
0.57,0.636442,0.822909
0.571,0.836825,0.823501
0.572,0.807552,0.822822
0.573,0.851635,0.824048
0.574,1.0475,0.833554
0.575,0.684433,0.82721
0.576,0.489917,0.812861
0.577,0.601608,0.803873
0.578,1.08944,0.816022
0.579,0.781217,0.814541
0.58,0.54614,0.803123
0.581,0.827487,0.804159
0.582,1.24076,0.822734
0.583,0.36352,0.803197
0.584,0.633242,0.795967
0.585,0.766202,0.794701
0.586,0.898077,0.799099
0.587,0.655529,0.792991
0.588,0.705085,0.789251
0.589,0.725822,0.786552
0.59,1.32725,0.809555
0.591,1.13438,0.823375
0.592,0.920285,0.827497
0.593,1.54293,0.857934
0.594,0.677076,0.85024
0.595,0.681562,0.843064
0.596,0.671999,0.835786
0.597,0.626518,0.826883
0.598,0.517311,0.813713
0.599,0.838252,0.814757
0.6,0.980575,0.821812
0.601,1.22478,0.838955
0.602,0.951844,0.843758
0.603,0.692501,0.837323
0.604,0.685365,0.830858
0.605,1.31243,0.851346
0.606,0.98102,0.856863
0.607,0.794069,0.854191
0.608,0.949941,0.858265
0.609,0.865749,0.858583
0.61,1.15389,0.871147
0.611,0.785199,0.86749
0.612,1.33933,0.887564
0.613,0.969136,0.891034
0.614,0.693924,0.882649
0.615,1.00539,0.88787
0.616,0.564006,0.874092
0.617,1.05926,0.88197
0.618,0.599338,0.869946
0.619,1.03664,0.877038
0.62,1.04429,0.884153
0.621,0.991036,0.8887
0.622,0.781392,0.884135
0.623,0.726978,0.877449
0.624,1.05238,0.884891
0.625,0.788243,0.880779
0.626,0.963747,0.884309
0.627,0.933017,0.886381
0.628,1.12515,0.896539
0.629,0.720655,0.889056
0.63,0.911234,0.89
0.631,0.547107,0.875412
0.632,0.971029,0.87948
0.633,0.813264,0.876663
0.634,0.789861,0.87297
0.635,1.01608,0.879059
0.636,0.599276,0.867156
0.637,1.17933,0.880436
0.638,1.17437,0.892942
0.639,0.653955,0.882774
0.64,0.893913,0.883248
0.641,0.633251,0.872612
0.642,1.04877,0.880107
0.643,0.431314,0.861013
0.644,1.24496,0.877348
0.645,1.14918,0.888912
0.646,1.04083,0.895375
0.647,1.00182,0.899904
0.648,0.997269,0.904046
0.649,1.22552,0.917722
0.65,0.922575,0.917929
0.651,0.788457,0.912421
0.652,1.23214,0.926022
0.653,1.14077,0.935158
0.654,0.581207,0.9201
0.655,0.660825,0.90907
0.656,1.16974,0.920159
0.657,1.17656,0.931067
0.658,0.845016,0.927406
0.659,0.685763,0.917126
0.66,1.42868,0.938889
0.661,1.15768,0.948198
0.662,0.971823,0.949203
0.663,1.09894,0.955573
0.664,1.57476,0.981916
0.665,1.13374,0.988375
0.666,0.667389,0.974719
0.667,1.38844,0.99232
0.668,0.933848,0.989833
0.669,0.920401,0.986879
0.67,0.629629,0.97168
0.671,1.18442,0.980731
0.672,0.691338,0.968419
0.673,0.723958,0.958019
0.674,0.676584,0.946046
0.675,0.823358,0.940826
0.676,1.32604,0.957215
0.677,0.960394,0.95735
0.678,1.03944,0.960842
0.679,1.21412,0.971618
0.68,0.603613,0.955962
0.681,0.73005,0.946351
0.682,0.910022,0.944805
0.683,1.28238,0.959167
0.684,0.722748,0.949109
0.685,0.689583,0.938068
0.686,0.690447,0.927533
0.687,1.02866,0.931835
0.688,0.915016,0.93112
0.689,1.2637,0.945269
0.69,0.952399,0.945572
0.691,0.859409,0.941906
0.692,0.950701,0.942281
0.693,0.748267,0.934027
0.694,0.377595,0.910354
0.695,0.885926,0.909315
0.696,0.953583,0.911198
0.697,1.16343,0.921929
0.698,0.953533,0.923274
0.699,1.11818,0.931565
0.7,1.23176,0.944337
0.701,1.30586,0.959717
0.702,1.28328,0.973483
0.703,1.12137,0.979775
0.704,1.34318,0.995235
0.705,1.4865,1.01614
0.706,0.750571,1.00484
0.707,1.17409,1.01204
0.708,0.843838,1.00488
0.709,0.963764,1.00313
0.71,1.05539,1.00536
0.711,0.848937,0.998702
0.712,1.14912,1.0051
0.713,0.759249,0.994641
0.714,1.12691,1.00027
0.715,1.55854,1.02402
0.716,1.30869,1.03613
0.717,0.99448,1.03436
0.718,1.77488,1.06586
0.719,1.10127,1.06737
0.72,0.750133,1.05387
0.721,0.931658,1.04867
0.722,0.587768,1.02906
0.723,0.818551,1.02011
0.724,0.54637,0.999954
0.725,1.05845,1.00244
0.726,0.585923,0.984723
0.727,1.04859,0.98744
0.728,1.05063,0.990128
0.729,1.13642,0.996352
0.73,0.881552,0.991468
0.731,1.18763,0.999813
0.732,1.5562,1.02348
0.733,1.08001,1.02589
0.734,0.983001,1.02406
0.735,0.8565,1.01694
0.736,1.37797,1.0323
0.737,1.2058,1.03968
0.738,0.944603,1.03563
0.739,1.32863,1.0481
0.74,1.20104,1.0546
0.741,0.647494,1.03728
0.742,0.95701,1.03387
0.743,0.980045,1.03158
0.744,1.58862,1.05528
0.745,1.08547,1.05656
0.746,1.23208,1.06403
0.747,1.16444,1.0683
0.748,0.914613,1.06176
0.749,1.01954,1.05997
0.75,0.815474,1.04956
0.751,0.803645,1.0391
0.752,1.32028,1.05106
0.753,1.27716,1.06068
0.754,0.945818,1.0558
0.755,1.06087,1.05601
0.756,0.917928,1.05014
0.757,1.1091,1.05265
0.758,0.918607,1.04694
0.759,1.29063,1.05731
0.76,0.996809,1.05474
0.761,1.15428,1.05897
0.762,0.914731,1.05284
0.763,1.37791,1.06667
0.764,0.869732,1.05829
0.765,0.978685,1.0549
0.766,0.693682,1.03953
0.767,0.760453,1.02766
0.768,1.16887,1.03367
0.769,1.04272,1.03405
0.77,1.11679,1.03757
0.771,1.38707,1.05244
0.772,1.68799,1.07948
0.773,1.04213,1.07789
0.774,1.16762,1.08171
0.775,1.25011,1.08887
0.776,1.16778,1.09223
0.777,1.04107,1.09005
0.778,0.756282,1.07585
0.779,0.501428,1.05142
0.78,1.17181,1.05654
0.781,0.720599,1.04225
0.782,0.794306,1.0317
0.783,1.1945,1.03862
0.784,1.08561,1.04062
0.785,1.26792,1.05029
0.786,1.57322,1.07254
0.787,1.23437,1.07942
0.788,1.18591,1.08395
0.789,0.987173,1.07984
0.79,1.15386,1.08299
0.791,1.06,1.08201
0.792,1.45583,1.09791
0.793,0.676089,1.07997
0.794,1.17616,1.08406
0.795,0.848078,1.07402
0.796,1.1985,1.07932
0.797,0.911307,1.07217
0.798,1.38053,1.08529
0.799,1.53836,1.10456
0.8,1.53448,1.12285
0.801,0.824989,1.11018
0.802,1.23173,1.11535
0.803,1.18163,1.11817
0.804,0.723243,1.10137
0.805,0.974479,1.09597
0.806,1.18101,1.09959
0.807,0.408866,1.0702
0.808,1.31033,1.08042
0.809,1.42838,1.09522
0.81,1.23666,1.10124
0.811,1.2272,1.1066
0.812,0.84566,1.0955
0.813,1.40352,1.1086
0.814,1.33825,1.11837
0.815,1.67974,1.14225
0.816,1.17148,1.1435
0.817,1.55556,1.16103
0.818,1.26442,1.16543
0.819,1.51105,1.18013
0.82,0.845201,1.16588
0.821,1.11227,1.1636
0.822,1.0617,1.15927
0.823,1.42388,1.17052
0.824,1.30034,1.17605
0.825,1.04769,1.17059
0.826,0.990976,1.16294
0.827,1.09399,1.16001
0.828,1.07955,1.15659
0.829,1.03537,1.15143
0.83,1.0051,1.14521
0.831,1.03985,1.14072
0.832,1.20876,1.14362
0.833,0.823536,1.13
0.834,1.1803,1.13214
0.835,1.30527,1.13951
0.836,1.40896,1.15097
0.837,1.28,1.15646
0.838,1.2383,1.15994
0.839,1.27769,1.16495
0.84,1.38331,1.17424
0.841,1.02349,1.16783
0.842,1.38122,1.17691
0.843,1.08775,1.17311
0.844,1.30189,1.17859
0.845,0.769586,1.16119
0.846,1.53231,1.17698
0.847,0.891424,1.16483
0.848,0.957668,1.15602
0.849,1.32992,1.16342
0.85,1.44647,1.17546
0.851,1.52939,1.19052
0.852,1.33966,1.19686
0.853,1.8945,1.22654
0.854,0.928969,1.21388
0.855,0.900353,1.20054
0.856,1.31066,1.20523
0.857,1.18292,1.20428
0.858,1.26635,1.20692
0.859,1.74155,1.22966
0.86,0.94637,1.21761
0.861,1.21123,1.21734
0.862,1.15421,1.21465
0.863,1.09359,1.2095
0.864,1.21486,1.20973
0.865,0.900969,1.1966
0.866,1.56764,1.21238
0.867,1.89818,1.24156
0.868,1.26153,1.24241
0.869,1.2841,1.24418
0.87,1.493,1.25477
0.871,1.12429,1.24922
0.872,1.44688,1.25762
0.873,1.59279,1.27188
0.874,1.40293,1.27746
0.875,1.26625,1.27698
0.876,1.09498,1.26924
0.877,1.63586,1.28484
0.878,1.41338,1.2903
0.879,1.13425,1.28367
0.88,1.49036,1.29246
0.881,1.11872,1.28507
0.882,0.863666,1.26714
0.883,1.64976,1.28342
0.884,1.20782,1.2802
0.885,1.36321,1.28373
0.886,1.33189,1.28578
0.887,0.901821,1.26945
0.888,1.20969,1.2669
0.889,1.62832,1.28228
0.89,1.56433,1.29428
0.891,1.05031,1.2839
0.892,0.941207,1.26932
0.893,1.11984,1.26296
0.894,1.12769,1.25721
0.895,1.18372,1.25408
0.896,1.48513,1.26391
0.897,1.08758,1.25641
0.898,1.51552,1.26743
0.899,0.868357,1.25045
0.9,1.51162,1.26156
0.901,1.21492,1.25958
0.902,1.26114,1.25965
0.903,1.36793,1.26425
0.904,1.33244,1.26715
0.905,1.38279,1.27207
0.906,1.22722,1.27017
0.907,1.497,1.27982
0.908,1.13579,1.27369
0.909,1.74076,1.29356
0.91,1.30877,1.29421
0.911,1.97205,1.32304
0.912,1.3173,1.3228
0.913,1.05757,1.31152
0.914,1.43833,1.31691
0.915,1.39314,1.32015
0.916,1.21977,1.31588
0.917,0.850444,1.29608
0.918,1.15056,1.28989
0.919,1.21297,1.28662
0.92,1.15208,1.2809
0.921,1.20409,1.27763
0.922,1.38953,1.28239
0.923,1.557,1.29407
0.924,1.48067,1.30201
0.925,1.42091,1.30707
0.926,1.15442,1.30057
0.927,0.894519,1.2833
0.928,1.5416,1.29429
0.929,1.43279,1.30018
0.93,1.48629,1.3081
0.931,1.08747,1.29871
0.932,1.03445,1.28747
0.933,1.47857,1.2956
0.934,1.67099,1.31157
0.935,1.42911,1.31657
0.936,1.28888,1.31539
0.937,1.3459,1.31669
0.938,1.47128,1.32327
0.939,1.44775,1.32856
0.94,1.2756,1.32631
0.941,0.727157,1.30082
0.942,1.5064,1.30957
0.943,1.24019,1.30661
0.944,1.15887,1.30033
0.945,1.2865,1.29974
0.946,1.33461,1.30122
0.947,0.907547,1.28448
0.948,1.18988,1.28045
0.949,1.64968,1.29616
0.95,1.97928,1.32522
0.951,1.31897,1.32496
0.952,1.54281,1.33422
0.953,1.92568,1.35939
0.954,1.56085,1.36796
0.955,1.50001,1.37357
0.956,1.26832,1.3691
0.957,0.892744,1.34883
0.958,1.33206,1.34812
0.959,1.23766,1.34342
0.96,1.3809,1.34501
0.961,1.46827,1.35026
0.962,1.25231,1.34609
0.963,1.40909,1.34877
0.964,1.67981,1.36285
0.965,1.40925,1.36483
0.966,1.37658,1.36533
0.967,0.911645,1.34603
0.968,1.29701,1.34394
0.969,1.46864,1.34925
0.97,1.83941,1.3701
0.971,1.68248,1.38339
0.972,1.69035,1.39645
0.973,1.18851,1.3876
0.974,1.35145,1.38606
0.975,1.35587,1.38478
0.976,1.35804,1.38364
0.977,1.43283,1.38573
0.978,1.29914,1.38205
0.979,1.21871,1.3751
0.98,1.7474,1.39094
0.981,1.22429,1.38385
0.982,1.10141,1.37184
0.983,1.17945,1.36365
0.984,1.53197,1.37081
0.985,1.61526,1.38121
0.986,1.69101,1.39439
0.987,1.52709,1.40004
0.988,1.13684,1.38884
0.989,1.02691,1.37344
0.99,1.59647,1.38293
0.991,1.70191,1.3965
0.992,1.73297,1.41082
0.993,1.86863,1.43029
0.994,1.14548,1.41818
0.995,1.34663,1.41513
0.996,1.18985,1.40555
0.997,1.08166,1.39177
0.998,1.45939,1.39465
0.999,1.38016,1.39403
1,1.08336,1.38081
1.001,1.82177,1.39957
1.002,1.27597,1.39431
1.003,1.22054,1.38692
1.004,1.44431,1.38936
1.005,1.21233,1.38183
1.006,1.79735,1.39951
1.007,1.7013,1.41235
1.008,1.40381,1.41198
1.009,1.92223,1.43369
1.01,1.31302,1.42856
1.011,1.38455,1.42669
1.012,1.22782,1.41823
1.013,2.12701,1.44838
1.014,1.32028,1.44293
1.015,1.53049,1.44665
1.016,1.70153,1.4575
1.017,1.39382,1.45479
1.018,1.43099,1.45378
1.019,1.654,1.46229
1.02,1.57985,1.4673
1.021,1.84084,1.48319
1.022,1.6467,1.49014
1.023,0.914188,1.46564
1.024,1.44978,1.46497
1.025,1.67439,1.47388
1.026,1.47737,1.47402
1.027,1.51551,1.47579
1.028,2.07676,1.50136
1.029,0.983927,1.47934
1.03,1.41247,1.4765
1.031,1.57315,1.48061
1.032,1.32748,1.4741
1.033,1.46396,1.47366
1.034,1.39093,1.47014
1.035,1.80301,1.48431
1.036,1.05375,1.46599
1.037,1.72426,1.47698
1.038,1.33375,1.47088
1.039,1.81014,1.48532
1.04,1.29362,1.47716
1.041,1.55998,1.48068
1.042,1.47693,1.48052
1.043,1.28935,1.47239
1.044,2.08191,1.49832
1.045,1.55473,1.50072
1.046,1.31704,1.49291
1.047,1.39782,1.48886
1.048,1.48442,1.48867
1.049,1.62646,1.49453
1.05,1.39855,1.49045
1.051,1.46932,1.48955
1.052,1.44388,1.48761
1.053,1.71298,1.4972
1.054,1.5943,1.50133
1.055,1.2669,1.49135
1.056,1.8203,1.50535
1.057,1.60536,1.5096
1.058,1.19581,1.49625
1.059,1.44733,1.49417
1.06,1.52843,1.49563
1.061,1.72161,1.50524
1.062,1.06686,1.48659
1.063,1.76673,1.49851
1.064,1.78631,1.51076
1.065,1.33847,1.50343
1.066,1.6318,1.50889
1.067,1.6072,1.51307
1.068,1.35077,1.50617
1.069,1.7061,1.51467
1.07,1.31347,1.50611
1.071,1.5145,1.50647
1.072,1.66551,1.51323
1.073,1.4143,1.50903
1.074,1.53141,1.50998
1.075,1.55495,1.51189
1.076,1.61046,1.51608
1.077,1.6041,1.51983
1.078,1.68832,1.527
1.079,1.79215,1.53828
1.08,1.69783,1.54507
1.081,1.69501,1.55144
1.082,1.65922,1.55603
1.083,1.34397,1.54701
1.084,1.43977,1.54245
1.085,1.51551,1.5413
1.086,1.5154,1.5402
1.087,1.49394,1.53823
1.088,1.19022,1.52342
1.089,1.15681,1.50783
1.09,2.0509,1.53093
1.091,1.48409,1.52894
1.092,1.3408,1.52094
1.093,1.5122,1.52056
1.094,1.31842,1.51196
1.095,1.28971,1.50251
1.096,1.57915,1.50577
1.097,1.32659,1.49815
1.098,1.88805,1.51473
1.099,1.78148,1.52608
1.1,1.5869,1.52867
1.101,1.28498,1.5183
1.102,1.12024,1.50137
1.103,1.54926,1.5034
1.104,1.56064,1.50584
1.105,1.78987,1.51792
1.106,1.2699,1.50737
1.107,1.79107,1.51944
1.108,1.2458,1.5078
1.109,1.78063,1.51941
1.11,1.67278,1.52593
1.111,1.52187,1.52576
1.112,1.69661,1.53303
1.113,1.27999,1.52226
1.114,2.11354,1.54742
1.115,1.56124,1.548
1.116,1.59216,1.54988
1.117,1.16573,1.53354
1.118,1.82004,1.54573
1.119,1.80505,1.55676
1.12,1.97735,1.57465
1.121,1.70502,1.5802
1.122,1.30897,1.56866
1.123,1.85637,1.5809
1.124,1.8568,1.59264
1.125,1.34899,1.58227
1.126,1.76919,1.59023
1.127,1.30728,1.57819
1.128,1.41469,1.57123
1.129,1.38825,1.56345
1.13,1.8877,1.57724
1.131,1.77302,1.58557
1.132,1.19533,1.56897
1.133,1.6982,1.57447
1.134,1.324,1.56381
1.135,1.22686,1.54948
1.136,1.72446,1.55692
1.137,1.90504,1.57173
1.138,1.76124,1.57979
1.139,1.47698,1.57542
1.14,1.63698,1.57804
1.141,1.74192,1.58501
1.142,1.42574,1.57823
1.143,1.74918,1.58551
1.144,1.72759,1.59155
1.145,1.49511,1.58745
1.146,1.51877,1.58453
1.147,1.65498,1.58752
1.148,2.08791,1.60881
1.149,1.09347,1.58689
1.15,1.84475,1.59786
1.151,2.20672,1.62376
1.152,1.5607,1.62108
1.153,1.70637,1.62471
1.154,1.35984,1.61344
1.155,1.59379,1.6126
1.156,1.65634,1.61446
1.157,1.94822,1.62866
1.158,1.35187,1.61689
1.159,1.5034,1.61206
1.16,1.59974,1.61154
1.161,1.56218,1.60944
1.162,1.80428,1.61772
1.163,1.35776,1.60667
1.164,1.51231,1.60265
1.165,1.72079,1.60768
1.166,1.42687,1.59998
1.167,1.63265,1.60137
1.168,1.55013,1.59919
1.169,1.70688,1.60378
1.17,1.5313,1.60069
1.171,1.61355,1.60124
1.172,1.83174,1.61105
1.173,1.28596,1.59722
1.174,1.8286,1.60706
1.175,1.76675,1.61385
1.176,1.74979,1.61964
1.177,1.61378,1.61939
1.178,2.01015,1.63601
1.179,1.55011,1.63236
1.18,1.67545,1.63419
1.181,2.21215,1.65878
1.182,1.48602,1.65143
1.183,1.96132,1.66461
1.184,1.89204,1.67429
1.185,1.99715,1.68802
1.186,1.6896,1.68809
1.187,1.60795,1.68468
1.188,1.81768,1.69034
1.189,1.84672,1.69699
1.19,1.53669,1.69017
1.191,1.38975,1.67739
1.192,1.61658,1.6748
1.193,1.67002,1.6746
1.194,1.51611,1.66786
1.195,1.49315,1.66043
1.196,1.89104,1.67024
1.197,1.81236,1.67628
1.198,1.92567,1.68689
1.199,1.74668,1.68944
1.2,1.88163,1.69761
1.201,2.0303,1.71177
1.202,1.96273,1.72244
1.203,1.85686,1.72816
1.204,1.96761,1.73835
1.205,1.96034,1.74779
1.206,1.7652,1.74853
1.207,1.70416,1.74665
1.208,1.59165,1.74005
1.209,1.69549,1.73816
1.21,1.86955,1.74375
1.211,1.96525,1.75317
1.212,1.98051,1.76284
1.213,1.20445,1.73909
1.214,1.83664,1.74324
1.215,2.04203,1.75595
1.216,1.77087,1.75658
1.217,2.13144,1.77253
1.218,1.61274,1.76573
1.219,2.17105,1.78298
1.22,1.95605,1.79034
1.221,1.78831,1.79025
1.222,1.93757,1.79652
1.223,1.58889,1.78769
1.224,1.71848,1.78474
1.225,1.59308,1.77659
1.226,1.22041,1.75293
1.227,1.75862,1.75317
1.228,2.03573,1.76519
1.229,1.46741,1.75252
1.23,1.60725,1.74634
1.231,1.77889,1.74773
1.232,1.3987,1.73288
1.233,1.77602,1.73471
1.234,1.60987,1.7294
1.235,1.93473,1.73814
1.236,2.2512,1.75996
1.237,2.12001,1.77528
1.238,1.58749,1.76729
1.239,1.70852,1.76479
1.24,2.08175,1.77828
1.241,1.48617,1.76585
1.242,1.77689,1.76632
1.243,1.62962,1.7605
1.244,2.17518,1.77815
1.245,2.07252,1.79067
1.246,2.3083,1.81269
1.247,1.6122,1.80416
1.248,1.90783,1.80857
1.249,1.2993,1.78691
1.25,1.81662,1.78817
1.251,1.80685,1.78896
1.252,1.70176,1.78525
1.253,2.08681,1.79808
1.254,2.13183,1.81228
1.255,2.04733,1.82228
1.256,1.72214,1.81802
1.257,1.97308,1.82462
1.258,1.4954,1.81061
1.259,1.5738,1.80054
1.26,1.70202,1.79635
1.261,1.92232,1.80171
1.262,1.8515,1.80382
1.263,1.67294,1.79826
1.264,1.83433,1.79979
1.265,1.65867,1.79379
1.266,1.95711,1.80073
1.267,2.05047,1.81136
1.268,2.35775,1.8346
1.269,2.22416,1.85118
1.27,1.79956,1.84898
1.271,2.06216,1.85805
1.272,1.72237,1.85228
1.273,2.32726,1.87249
1.274,2.23072,1.88773
1.275,1.90611,1.88851
1.276,1.93134,1.89033
1.277,1.57802,1.87704
1.278,1.77117,1.87254
1.279,1.5334,1.85811
1.28,2.12099,1.86929
1.281,2.07591,1.87808
1.282,1.56362,1.86471
1.283,1.60534,1.85367
1.284,1.69687,1.847
1.285,1.79547,1.84481
1.286,1.84822,1.84495
1.287,2.11597,1.85648
1.288,1.92804,1.85953
1.289,1.69735,1.85263
1.29,1.70833,1.84649
1.291,1.82091,1.8454
1.292,2.11694,1.85695
1.293,1.93652,1.86034
1.294,1.88126,1.86123
1.295,2.4824,1.88766
1.296,1.77285,1.88277
1.297,2.04361,1.88961
1.298,1.63958,1.87898
1.299,1.73777,1.87297
1.3,2.0822,1.88187
1.301,2.05642,1.8893
1.302,2.32216,1.90771
1.303,1.5917,1.89427
1.304,1.46444,1.87598
1.305,1.60398,1.86441
1.306,1.82469,1.86272
1.307,1.83573,1.86157
1.308,1.80982,1.85937
1.309,2.02488,1.86641
1.31,1.83123,1.86491
1.311,2.01739,1.8714
1.312,2.22786,1.88657
1.313,2.00973,1.89181
1.314,2.07483,1.89959
1.315,2.20078,1.91241
1.316,1.69461,1.90314
1.317,2.27343,1.91889
1.318,2.14491,1.92851
1.319,1.71174,1.91929
1.32,1.94328,1.92031
1.321,1.68752,1.9104
1.322,2.23657,1.92428
1.323,1.95109,1.92542
1.324,2.05044,1.93074
1.325,2.53308,1.95637
1.326,1.62996,1.94248
1.327,1.84012,1.93812
1.328,1.8277,1.93343
1.329,2.05146,1.93845
1.33,1.44281,1.91736
1.331,1.9453,1.91855
1.332,1.73395,1.9107
1.333,2.17092,1.92177
1.334,1.67144,1.91112
1.335,1.99367,1.91463
1.336,1.92778,1.91519
1.337,2.06852,1.92171
1.338,1.81369,1.91712
1.339,1.69292,1.90758
1.34,1.82523,1.90408
1.341,2.23691,1.91824
1.342,1.99805,1.92163
1.343,1.71904,1.91301
1.344,2.11052,1.92141
1.345,1.62314,1.90873
1.346,2.35682,1.92779
1.347,1.74306,1.91993
1.348,1.53827,1.90369
1.349,1.83431,1.90074
1.35,2.09877,1.90917
1.351,1.58384,1.89532
1.352,2.29104,1.91216
1.353,2.45851,1.9354
1.354,1.83889,1.9313
1.355,2.08969,1.93804
1.356,2.10842,1.94528
1.357,2.22551,1.95721
1.358,1.82877,1.95174
1.359,2.04616,1.95576
1.36,2.00318,1.95778
1.361,1.66605,1.94537
1.362,1.92284,1.94441
1.363,1.56597,1.92831
1.364,1.88349,1.9264
1.365,2.01836,1.93031
1.366,1.66833,1.91917
1.367,1.52025,1.9022
1.368,2.02808,1.90755
1.369,2.10705,1.91604
1.37,1.73712,1.90843
1.371,2.2531,1.92309
1.372,2.18043,1.93404
1.373,2.07314,1.93996
1.374,1.76182,1.93238
1.375,1.70109,1.92254
1.376,1.95783,1.92404
1.377,1.61861,1.91105
1.378,2.26859,1.92626
1.379,2.28006,1.94131
1.38,2.00812,1.94415
1.381,2.10815,1.95113
1.382,2.18928,1.96126
1.383,1.8308,1.95571
1.384,2.02652,1.95872
1.385,2.24989,1.97111
1.386,1.81205,1.96434
1.387,1.63596,1.95037
1.388,2.24154,1.96276
1.389,2.51076,1.98607
1.39,2.10562,1.99116
1.391,2.01239,1.99206
1.392,1.68392,1.97895
1.393,2.09801,1.98402
1.394,1.59467,1.96745
1.395,1.89225,1.96425
1.396,2.03651,1.96733
1.397,1.95029,1.9666
1.398,1.82459,1.96056
1.399,1.84684,1.95572
1.4,2.06391,1.96033
1.401,1.75962,1.95179
1.402,2.36001,1.96915
1.403,1.94084,1.96795
1.404,1.98746,1.96878
1.405,1.92337,1.96685
1.406,2.19132,1.9764
1.407,1.7571,1.96707
1.408,2.05453,1.97079
1.409,2.40403,1.98922
1.41,2.17442,1.9971
1.411,2.03468,1.9987
1.412,2.11865,2.0038
1.413,2.03738,2.00523
1.414,1.87343,1.99962
1.415,1.87336,1.99425
1.416,2.14108,2.0005
1.417,1.62898,1.98469
1.418,2.11658,1.9903
1.419,1.74357,1.97981
1.42,2.2747,1.99235
1.421,1.88429,1.98775
1.422,2.01556,1.98894
1.423,1.86784,1.98379
1.424,2.34637,1.99921
1.425,1.23873,1.96686
1.426,2.08774,1.972
1.427,2.13214,1.97881
1.428,2.06942,1.98267
1.429,2.14304,1.98949
1.43,1.62211,1.97386
1.431,2.08197,1.97846
1.432,2.67815,2.00823
1.433,2.22212,2.01733
1.434,2.13468,2.02232
1.435,2.228,2.03107
1.436,2.07245,2.03283
1.437,2.41223,2.04897
1.438,1.66473,2.03262
1.439,1.79407,2.02248
1.44,2.33831,2.03591
1.441,2.06494,2.03715
1.442,2.36079,2.05092
1.443,2.19344,2.05698
1.444,1.39584,2.02885
1.445,2.45454,2.04696
1.446,2.1032,2.04935
1.447,2.38437,2.06361
1.448,2.03584,2.06243
1.449,2.05018,2.06191
1.45,1.8818,2.05424
1.451,2.06997,2.05491
1.452,2.28772,2.06482
1.453,2.31031,2.07526
1.454,1.8468,2.06554
1.455,2.3364,2.07706
1.456,1.80612,2.06554
1.457,1.99572,2.06257
1.458,1.85735,2.05384
1.459,2.07356,2.05468
1.46,1.55977,2.03362
1.461,2.26236,2.04335
1.462,1.82993,2.03427
1.463,2.19872,2.04127
1.464,2.61862,2.06583
1.465,2.04112,2.06478
1.466,2.19364,2.07026
1.467,1.96447,2.06576
1.468,2.60379,2.08865
1.469,1.88847,2.08013
1.47,2.04513,2.07865
1.471,2.25236,2.08604
1.472,2.2469,2.09288
1.473,2.29107,2.10131
1.474,2.73193,2.12814
1.475,2.02939,2.12394
1.476,2.6064,2.14446
1.477,1.75301,2.12781
1.478,1.84185,2.11564
1.479,2.28572,2.12288
1.48,2.07345,2.12078
1.481,2.17766,2.1232
1.482,1.87273,2.11254
1.483,2.14949,2.11411
1.484,2.24036,2.11948
1.485,1.77477,2.10482
1.486,2.47415,2.12053
1.487,1.82456,2.10794
1.488,1.91608,2.09978
1.489,1.60909,2.0789
1.49,2.35866,2.0908
1.491,2.11333,2.09176
1.492,2.67331,2.1165
1.493,2.10988,2.11622
1.494,2.35921,2.12656
1.495,1.85968,2.1152
1.496,2.30107,2.12311
1.497,2.24351,2.12823
1.498,1.64333,2.1076
1.499,2.29324,2.1155
1.5,2.25403,2.1214
1.501,2.03063,2.11753
1.502,2.25161,2.12324
1.503,2.54799,2.14131
1.504,2.28736,2.14752
1.505,2.45895,2.16077
1.506,2.06785,2.15682
1.507,2.12617,2.15551
1.508,1.97654,2.1479
1.509,1.70779,2.12918
1.51,1.9006,2.11945
1.511,2.99916,2.15688
1.512,2.3925,2.1669
1.513,1.94665,2.15753
1.514,2.08734,2.15455
1.515,2.44777,2.16702
1.516,2.29766,2.17258
1.517,1.249,2.13329
1.518,1.92168,2.12428
1.519,1.93318,2.11615
1.52,2.43131,2.12956
1.521,2.03495,2.12554
1.522,2.0868,2.12389
1.523,2.61046,2.14459
1.524,2.25557,2.14931
1.525,2.09411,2.14696
1.526,2.13593,2.14649
1.527,2.22955,2.15003
1.528,2.81107,2.17815
1.529,2.03506,2.17206
1.53,2.15948,2.17153
1.531,2.47107,2.18427
1.532,1.93755,2.17377
1.533,2.4366,2.18495
1.534,2.18091,2.18478
1.535,2.45997,2.19649
1.536,2.35566,2.20326
1.537,1.99558,2.19443
1.538,2.26151,2.19728
1.539,2.29836,2.20158
1.54,2.17898,2.20062
1.541,2.57433,2.21652
1.542,2.16032,2.21413
1.543,2.27778,2.21684
1.544,2.40236,2.22473
1.545,2.33033,2.22922
1.546,2.34286,2.23406
1.547,2.42971,2.24238
1.548,2.48497,2.2527
1.549,2.17906,2.24957
1.55,2.00598,2.2392
1.551,2.03517,2.23052
1.552,1.9916,2.22036
1.553,2.22359,2.2205
1.554,2.40844,2.22849
1.555,2.27284,2.23038
1.556,2.20202,2.22917
1.557,1.8254,2.21199
1.558,2.63004,2.22978
1.559,2.34153,2.23453
1.56,2.29038,2.23691
1.561,2.33413,2.24105
1.562,2.54961,2.25417
1.563,2.08422,2.24694
1.564,2.1513,2.24287
1.565,1.73925,2.22145
1.566,2.68346,2.2411
1.567,2.39702,2.24774
1.568,2.20928,2.2461
1.569,2.1009,2.23992
1.57,2.62304,2.25622
1.571,1.86939,2.23977
1.572,3.15672,2.27878
1.573,2.06431,2.26965
1.574,2.47033,2.27819
1.575,1.84694,2.25984
1.576,2.65191,2.27652
1.577,2.55468,2.28836
1.578,2.98715,2.31809
1.579,1.93173,2.30165
1.58,2.18248,2.29658
1.581,2.37845,2.30006
1.582,2.56311,2.31125
1.583,2.31145,2.31126
1.584,2.60865,2.32391
1.585,2.10343,2.31453
1.586,1.87673,2.29591
1.587,2.04671,2.28531
1.588,2.42366,2.29119
1.589,2.13807,2.28468
1.59,2.1268,2.27796
1.591,2.66632,2.29448
1.592,2.2221,2.2914
1.593,1.95702,2.27718
1.594,2.21319,2.27446
1.595,2.12088,2.26792
1.596,2.23309,2.26644
1.597,2.01609,2.25579
1.598,2.19483,2.2532
1.599,1.8101,2.23434
1.6,2.32136,2.23805
1.601,2.16991,2.23515
1.602,2.26504,2.23642
1.603,2.65688,2.25431
1.604,1.88636,2.23865
1.605,2.339,2.24292
1.606,2.35257,2.24759
1.607,2.66471,2.26533
1.608,2.12776,2.25948
1.609,2.09147,2.25233
1.61,2.35014,2.25649
1.611,2.35708,2.26077
1.612,2.93045,2.28926
1.613,2.65715,2.30491
1.614,2.67607,2.3207
1.615,1.82063,2.29943
1.616,2.48289,2.30723
1.617,2.42245,2.31214
1.618,2.28574,2.31101
1.619,2.76574,2.33036
1.62,1.97181,2.31511
1.621,2.14187,2.30774
1.622,2.52934,2.31716
1.623,2.11431,2.30853
1.624,2.21919,2.30473
1.625,2.68768,2.32102
1.626,1.95142,2.3053
1.627,2.43477,2.31081
1.628,2.45579,2.31698
1.629,2.46144,2.32312
1.63,2.37696,2.32541
1.631,1.95189,2.30952
1.632,2.44169,2.31514
1.633,2.29631,2.31434
1.634,2.83376,2.33644
1.635,2.04016,2.32384
1.636,2.25981,2.32111
1.637,2.06577,2.31025
1.638,2.56908,2.32126
1.639,2.49772,2.32877
1.64,2.57476,2.33923
1.641,2.09812,2.32897
1.642,2.17438,2.3224
1.643,2.56243,2.33261
1.644,2.52877,2.34095
1.645,2.45469,2.34579
1.646,1.98663,2.33051
1.647,2.42802,2.33466
1.648,2.58744,2.34542
1.649,2.36452,2.34623
1.65,2.46874,2.35144
1.651,2.80537,2.37075
1.652,2.41269,2.37254
1.653,2.19565,2.36501
1.654,2.13913,2.3554
1.655,2.01916,2.3411
1.656,2.61611,2.3528
1.657,2.45924,2.35733
1.658,2.4012,2.35919
1.659,2.08385,2.34748
1.66,2.04487,2.3346
1.661,2.51446,2.34226
1.662,2.80725,2.36204
1.663,2.42678,2.36479
1.664,2.46772,2.36917
1.665,2.37096,2.36925
1.666,2.21242,2.36258
1.667,2.84064,2.38291
1.668,2.9316,2.40626
1.669,2.50615,2.41051
1.67,3.00201,2.43567
1.671,2.18841,2.42515
1.672,2.72627,2.43796
1.673,2.25651,2.43024
1.674,2.75632,2.44412
1.675,2.47001,2.44522
1.676,2.52297,2.44852
1.677,2.27833,2.44128
1.678,2.33066,2.43658
1.679,2.62075,2.44441
1.68,2.5642,2.44951
1.681,2.61158,2.4564
1.682,2.14306,2.44307
1.683,2.44641,2.44321
1.684,2.23893,2.43452
1.685,2.74595,2.44777
1.686,2.43995,2.44744
1.687,2.43757,2.44702
1.688,2.21929,2.43733
1.689,2.36778,2.43437
1.69,2.83398,2.45137
1.691,2.71129,2.46243
1.692,2.26585,2.45407
1.693,2.52441,2.45706
1.694,2.82482,2.47271
1.695,2.43024,2.4709
1.696,2.46034,2.47045
1.697,2.26347,2.46164
1.698,2.75416,2.47409
1.699,2.18039,2.46159
1.7,2.52083,2.46411
1.701,2.33201,2.45849
1.702,2.65964,2.46705
1.703,2.38171,2.46342
1.704,2.79538,2.47754
1.705,2.35698,2.47241
1.706,2.53644,2.47514
1.707,2.2453,2.46536
1.708,2.36724,2.46119
1.709,2.10115,2.44587
1.71,2.3887,2.44344
1.711,2.23066,2.43438
1.712,2.48274,2.43644
1.713,2.04742,2.41989
1.714,2.55967,2.42584
1.715,2.52561,2.43008
1.716,2.5538,2.43535
1.717,2.60846,2.44271
1.718,2.60256,2.44951
1.719,2.35691,2.44557
1.72,2.31449,2.43999
1.721,2.39195,2.43795
1.722,1.9589,2.41757
1.723,2.29114,2.41219
1.724,2.36958,2.41038
1.725,2.45236,2.41217
1.726,2.85835,2.43115
1.727,2.26849,2.42423
1.728,2.56695,2.4303
1.729,2.42018,2.42987
1.73,2.52203,2.43379
1.731,2.46577,2.43515
1.732,2.51963,2.43874
1.733,2.626,2.44671
1.734,2.99771,2.47015
1.735,2.66612,2.47849
1.736,2.4628,2.47782
1.737,2.68944,2.48683
1.738,2.76214,2.49854
1.739,2.21351,2.48641
1.74,2.4077,2.48306
1.741,2.92502,2.50187
1.742,2.11385,2.48536
1.743,2.43323,2.48314
1.744,2.53553,2.48537
1.745,2.22786,2.47441
1.746,2.55389,2.47779
1.747,2.48745,2.47821
1.748,2.67294,2.48649
1.749,2.82314,2.50081
1.75,2.38214,2.49576
1.751,2.36279,2.49011
1.752,2.64514,2.4967
1.753,2.26821,2.48698
1.754,2.75968,2.49858
1.755,2.50341,2.49879
1.756,2.45225,2.49681
1.757,2.50137,2.497
1.758,3.04424,2.52028
1.759,2.88997,2.53601
1.76,2.39198,2.52988
1.761,2.77792,2.54044
1.762,2.18749,2.52542
1.763,2.32736,2.51699
1.764,2.47852,2.51536
1.765,2.29897,2.50615
1.766,2.89348,2.52263
1.767,2.874,2.53758
1.768,2.70593,2.54474
1.769,2.54613,2.5448
1.77,2.51079,2.54335
1.771,2.75107,2.55219
1.772,2.84936,2.56483
1.773,2.48153,2.56129
1.774,1.95682,2.53557
1.775,2.44813,2.53185
1.776,2.53137,2.53183
1.777,2.41727,2.52696
1.778,3.15007,2.55347
1.779,2.21048,2.53888
1.78,2.64807,2.54352
1.781,2.53268,2.54306
1.782,2.61732,2.54622
1.783,2.34342,2.53759
1.784,2.4993,2.53596
1.785,2.72839,2.54415
1.786,2.54995,2.5444
1.787,2.82698,2.55642
1.788,2.40685,2.55005
1.789,2.33085,2.54073
1.79,2.7723,2.55058
1.791,2.22394,2.53668
1.792,2.85038,2.55003
1.793,2.69141,2.55604
1.794,2.49675,2.55352
1.795,2.72339,2.56075
1.796,2.75448,2.56899
1.797,2.96157,2.58569
1.798,2.55454,2.58437
1.799,2.85583,2.59592
1.8,2.56467,2.59459
1.801,2.35306,2.58431
1.802,1.9544,2.55751
1.803,2.82479,2.56888
1.804,2.5755,2.56917
1.805,2.43494,2.56345
1.806,2.57576,2.56398
1.807,2.81292,2.57457
1.808,2.34994,2.56501
1.809,2.4218,2.55892
1.81,2.6885,2.56443
1.811,2.32904,2.55442
1.812,2.25989,2.54189
1.813,2.43508,2.53734
1.814,2.738,2.54588
1.815,2.52362,2.54493
1.816,2.5919,2.54693
1.817,2.49186,2.54459
1.818,3.02618,2.56508
1.819,2.64187,2.56834
1.82,2.83586,2.57973
1.821,2.72567,2.58593
1.822,2.68472,2.59014
1.823,3.11834,2.61261
1.824,2.31845,2.60009
1.825,2.56277,2.59851
1.826,2.64332,2.60041
1.827,2.66233,2.60305
1.828,2.827,2.61257
1.829,2.43525,2.60503
1.83,2.32207,2.59299
1.831,2.62319,2.59428
1.832,2.69602,2.59861
1.833,2.55443,2.59673
1.834,2.63177,2.59822
1.835,2.83072,2.60811
1.836,2.34871,2.59707
1.837,3.06494,2.61698
1.838,2.59611,2.61609
1.839,2.75975,2.6222
1.84,2.85164,2.63196
1.841,2.86304,2.64179
1.842,2.74845,2.64633
1.843,2.98598,2.66078
1.844,2.79722,2.66659
1.845,2.328,2.65218
1.846,2.68426,2.65355
1.847,2.79436,2.65954
1.848,2.75837,2.66374
1.849,2.90514,2.67401
1.85,2.56202,2.66925
1.851,2.31544,2.65419
1.852,2.95727,2.66709
1.853,3.19292,2.68946
1.854,2.58797,2.68514
1.855,2.5949,2.6813
1.856,2.52431,2.67462
1.857,2.39206,2.6626
1.858,2.33123,2.6485
1.859,2.94745,2.66122
1.86,2.60357,2.65877
1.861,2.89855,2.66897
1.862,2.72005,2.67114
1.863,2.58198,2.66735
1.864,2.41184,2.65648
1.865,2.99324,2.67081
1.866,2.60876,2.66817
1.867,2.95436,2.68034
1.868,2.99551,2.69375
1.869,2.82485,2.69933
1.87,2.84929,2.70571
1.871,2.91424,2.71458
1.872,2.6275,2.71088
1.873,2.67538,2.70937
1.874,3.27217,2.73331
1.875,2.28145,2.71409
1.876,2.7547,2.71581
1.877,2.71774,2.7159
1.878,2.60975,2.71138
1.879,3.09327,2.72763
1.88,3.17932,2.74684
1.881,2.49017,2.73592
1.882,2.5441,2.72776
1.883,2.2896,2.70912
1.884,2.6862,2.70815
1.885,2.801,2.7121
1.886,2.69904,2.71154
1.887,2.70913,2.71144
1.888,2.42194,2.69912
1.889,2.4035,2.68655
1.89,2.56015,2.68117
1.891,2.92027,2.69134
1.892,2.90131,2.70027
1.893,2.40768,2.68783
1.894,2.48605,2.67924
1.895,3.08689,2.69658
1.896,2.72027,2.69759
1.897,2.70236,2.6978
1.898,2.99779,2.71056
1.899,2.60213,2.70595
1.9,2.4914,2.69682
1.901,2.83828,2.70284
1.902,2.06492,2.6757
1.903,2.74225,2.67853
1.904,2.95621,2.69034
1.905,2.88791,2.69875
1.906,2.5806,2.69372
1.907,2.68347,2.69328
1.908,2.80658,2.6981
1.909,2.33993,2.68287
1.91,3.39578,2.7132
1.911,2.6903,2.71222
1.912,2.55181,2.7054
1.913,2.8596,2.71196
1.914,2.71276,2.71199
1.915,2.50742,2.70329
1.916,2.82872,2.70863
1.917,2.98745,2.72049
1.918,2.93167,2.72947
1.919,3.04465,2.74288
1.92,2.68921,2.7406
1.921,3.23264,2.76153
1.922,2.50226,2.7505
1.923,2.96941,2.75981
1.924,2.77336,2.76039
1.925,2.96992,2.7693
1.926,2.70171,2.76643
1.927,2.79972,2.76784
1.928,3.53651,2.80055
1.929,2.74621,2.79823
1.93,2.75694,2.79648
1.931,2.74874,2.79445
1.932,2.71751,2.79117
1.933,2.7482,2.78934
1.934,3.04222,2.8001
1.935,3.11695,2.81358
1.936,2.92166,2.81818
1.937,2.71603,2.81383
1.938,2.39604,2.79606
1.939,2.56293,2.78614
1.94,2.85515,2.78908
1.941,2.35782,2.77073
1.942,3.11398,2.78533
1.943,2.61366,2.77803
1.944,2.39308,2.76165
1.945,2.84971,2.7654
1.946,2.66094,2.76096
1.947,2.83374,2.76405
1.948,2.26537,2.74284
1.949,2.35067,2.72615
1.95,3.36789,2.75345
1.951,3.28667,2.77614
1.952,2.7012,2.77295
1.953,2.73995,2.77155
1.954,2.94643,2.77899
1.955,3.16584,2.79545
1.956,3.10478,2.80861
1.957,3.03492,2.81823
1.958,3.19469,2.83425
1.959,2.87655,2.83605
1.96,2.39301,2.8172
1.961,2.99699,2.82485
1.962,2.83977,2.82548
1.963,2.63382,2.81733
1.964,2.93943,2.82252
1.965,2.98536,2.82945
1.966,3.02532,2.83779
1.967,2.63933,2.82934
1.968,2.78061,2.82727
1.969,2.63261,2.81899
1.97,3.14111,2.83269
1.971,2.9583,2.83804
1.972,2.52505,2.82472
1.973,2.54157,2.81267
1.974,3.03416,2.8221
1.975,2.56883,2.81132
1.976,2.70911,2.80697
1.977,2.94511,2.81285
1.978,2.99659,2.82067
1.979,2.95443,2.82636
1.98,3.02778,2.83493
1.981,3.39246,2.85865
1.982,2.74231,2.8537
1.983,2.76506,2.84993
1.984,3.16979,2.86353
1.985,2.6443,2.85421
1.986,2.80825,2.85225
1.987,2.61825,2.8423
1.988,2.77075,2.83925
1.989,3.03412,2.84754
1.99,2.59429,2.83677
1.991,2.81423,2.83581
1.992,2.56106,2.82412
1.993,2.89792,2.82726
1.994,3.11816,2.83964
1.995,3.11354,2.85129
1.996,2.7213,2.84576
1.997,2.74152,2.84132
1.998,2.69782,2.83522
1.999,2.92085,2.83886
2,3.16692,2.85282
2.001,3.0054,2.85931
2.002,2.78212,2.85603
2.003,2.69143,2.84902
2.004,2.75099,2.84485
2.005,3.13174,2.85706
2.006,3.21608,2.87233
2.007,2.61763,2.8615
2.008,2.77426,2.85779
2.009,2.9466,2.86156
2.01,3.25041,2.87811
2.011,3.20276,2.89192
2.012,2.90718,2.89257
2.013,3.02051,2.89801
2.014,3.1097,2.90702
2.015,2.72721,2.89937
2.016,2.55706,2.8848
2.017,2.94927,2.88755
2.018,2.75093,2.88173
2.019,2.8956,2.88232
2.02,2.59423,2.87007
2.021,2.68958,2.86239
2.022,3.03338,2.86966
2.023,2.92801,2.87215
2.024,3.21973,2.88693
2.025,2.86113,2.88584
2.026,2.78752,2.88165
2.027,2.98881,2.88621
2.028,2.85443,2.88486
2.029,2.80539,2.88148
2.03,3.01643,2.88722
2.031,2.91899,2.88857
2.032,3.04783,2.89535
2.033,2.97773,2.89885
2.034,3.3497,2.91803
2.035,3.17768,2.92908
2.036,3.03079,2.93341
2.037,3.08706,2.93994
2.038,3.19469,2.95078
2.039,2.44894,2.92943
2.04,2.96269,2.93085
2.041,3.2642,2.94503
2.042,2.953,2.94537
2.043,3.28695,2.9599
2.044,3.22152,2.97103
2.045,2.89063,2.96761
2.046,3.14392,2.97511
2.047,2.92814,2.97311
2.048,2.71487,2.96213
2.049,2.85928,2.95775
2.05,2.82037,2.95191
2.051,2.9943,2.95371
2.052,2.91723,2.95216
2.053,2.66836,2.94008
2.054,2.80609,2.93438
2.055,3.19449,2.94545
2.056,2.97224,2.94659
2.057,2.78528,2.93973
2.058,2.60954,2.92568
2.059,2.59724,2.9117
2.06,3.25273,2.92621
2.061,2.91398,2.92569
2.062,3.35098,2.94379
2.063,2.94923,2.94402
2.064,3.32276,2.96013
2.065,3.03935,2.9635
2.066,3.34459,2.97971
2.067,3.35338,2.99561
2.068,3.32343,3.00956
2.069,3.07079,3.01216
2.07,2.71132,2.99936
2.071,3.23417,3.00935
2.072,3.24689,3.01946
2.073,2.80332,3.01026
2.074,3.07585,3.01305
2.075,3.4969,3.03364
2.076,2.94894,3.03003
2.077,2.99442,3.02852
2.078,3.21674,3.03653
2.079,3.04503,3.03689
2.08,2.98791,3.0348
2.081,2.68394,3.01988
2.082,2.75571,3.00864
2.083,2.85626,3.00216
2.084,3.1221,3.00726
2.085,2.87191,3.0015
2.086,3.12346,3.00669
2.087,2.89245,3.00183
2.088,3.16904,3.00894
2.089,2.68671,2.99523
2.09,3.33669,3.00976
2.091,3.28952,3.02166
2.092,2.98914,3.02028
2.093,2.6517,3.0046
2.094,2.68622,2.99105
2.095,2.88225,2.98642
2.096,3.1424,2.99306
2.097,3.28827,3.00562
2.098,3.24033,3.01561
2.099,3.15699,3.02162
2.1,3.0673,3.02356
2.101,2.80633,3.01432
2.102,2.92238,3.01041
2.103,3.3645,3.02547
2.104,3.20916,3.03329
2.105,3.25466,3.04271
2.106,2.66188,3.02651
2.107,3.39792,3.04231
2.108,3.1767,3.04802
2.109,2.98625,3.0454
2.11,2.99645,3.04331
2.111,3.27463,3.05315
2.112,2.66548,3.03666
2.113,3.43253,3.0535
2.114,2.98742,3.05069
2.115,2.85601,3.04241
2.116,3.18089,3.0483
2.117,3.04151,3.04801
2.118,3.00633,3.04624
2.119,3.31672,3.05775
2.12,3.11021,3.05998
2.121,3.35731,3.07263
2.122,3.28881,3.08182
2.123,2.69137,3.06521
2.124,2.98591,3.06184
2.125,2.66649,3.04502
2.126,3.22187,3.05254
2.127,2.59991,3.03329
2.128,3.09005,3.0357
2.129,3.35375,3.04923
2.13,3.24927,3.05774
2.131,3.00601,3.05554
2.132,3.04114,3.05493
2.133,3.03551,3.0541
2.134,3.34403,3.06644
2.135,3.2446,3.07402
2.136,3.41011,3.08832
2.137,3.23356,3.0945
2.138,3.03187,3.09183
2.139,2.55907,3.06917
2.14,3.24292,3.07656
2.141,3.15871,3.08005
2.142,3.27306,3.08826
2.143,3.05236,3.08674
2.144,3.35104,3.09798
2.145,2.79699,3.08518
2.146,3.23349,3.09149
2.147,3.17153,3.09489
2.148,3.44407,3.10975
2.149,3.13492,3.11082
2.15,3.2491,3.1167
2.151,2.91343,3.10805
2.152,2.88198,3.09843
2.153,3.23644,3.10431
2.154,3.53429,3.1226
2.155,2.7812,3.10807
2.156,2.86261,3.09763
2.157,2.84988,3.08709
2.158,2.86661,3.07771
2.159,3.25783,3.08537
2.16,3.43542,3.10027
2.161,2.5858,3.07838
2.162,3.00561,3.07528
2.163,3.11686,3.07705
2.164,3.07614,3.07701
2.165,3.43633,3.0923
2.166,3.32414,3.10216
2.167,3.10149,3.10213
2.168,3.53347,3.12049
2.169,3.235,3.12536
2.17,3.01688,3.12074
2.171,3.39534,3.13242
2.172,3.42606,3.14492
2.173,4.02402,3.18232
2.174,3.23615,3.18461
2.175,3.28439,3.18885
2.176,3.63055,3.20764
2.177,3.57245,3.22316
2.178,3.39312,3.23039
2.179,2.71637,3.20853
2.18,3.41244,3.2172
2.181,3.00993,3.20838
2.182,3.53471,3.22227
2.183,2.85654,3.20671
2.184,3.217,3.20714
2.185,2.64352,3.18317
2.186,3.40848,3.19275
2.187,3.62689,3.21122
2.188,3.41263,3.21979
2.189,3.05806,3.21291
2.19,3.54046,3.22684
2.191,3.19552,3.22551
2.192,3.23275,3.22582
2.193,3.26766,3.2276
2.194,2.91704,3.21439
2.195,2.92949,3.20227
2.196,3.37615,3.20966
2.197,3.13086,3.20631
2.198,3.37013,3.21328
2.199,3.14225,3.21026
2.2,2.59925,3.18426
2.201,3.60984,3.20237
2.202,3.28381,3.20583
2.203,3.12323,3.20232
2.204,3.22732,3.20338
2.205,3.29662,3.20735
2.206,2.97492,3.19746
2.207,3.1161,3.194
2.208,3.10551,3.19024
2.209,3.59896,3.20762
2.21,3.55997,3.22261
2.211,3.22412,3.22268
2.212,3.42605,3.23133
2.213,3.19824,3.22992
2.214,3.35136,3.23509
2.215,3.11858,3.23013
2.216,3.32999,3.23438
2.217,3.46732,3.24429
2.218,3.58096,3.25861
2.219,3.13373,3.2533
2.22,2.9673,3.24113
2.221,3.03433,3.23234
2.222,3.35593,3.23759
2.223,3.43752,3.2461
2.224,3.1097,3.2403
2.225,3.27401,3.24173
2.226,2.90668,3.22748
2.227,3.53261,3.24046
2.228,3.21524,3.23938
2.229,3.48638,3.24989
2.23,3.1205,3.24439
2.231,3.16514,3.24102
2.232,3.28924,3.24307
2.233,3.50924,3.25439
2.234,3.21228,3.2526
2.235,3.02174,3.24278
2.236,3.30265,3.24533
2.237,3.12782,3.24033
2.238,3.28882,3.24239
2.239,3.06366,3.23479
2.24,3.33715,3.23914
2.241,3.55626,3.25263
2.242,3.05984,3.24443
2.243,3.18171,3.24176
2.244,3.09396,3.23547
2.245,3.21105,3.23444
2.246,2.93872,3.22185
2.247,2.94102,3.20991
2.248,3.29538,3.21354
2.249,3.43766,3.22308
2.25,3.31464,3.22697
2.251,3.45504,3.23668
2.252,3.4082,3.24397
2.253,3.04919,3.23569
2.254,3.61269,3.25173
2.255,3.39003,3.25761
2.256,3.76514,3.2792
2.257,3.34656,3.28207
2.258,3.07773,3.27337
2.259,3.00476,3.26195
2.26,3.29432,3.26332
2.261,3.60308,3.27778
2.262,3.40692,3.28327
2.263,3.51068,3.29295
2.264,3.46614,3.30032
2.265,3.05967,3.29008
2.266,3.23767,3.28785
2.267,3.07714,3.27888
2.268,3.38897,3.28357
2.269,2.80777,3.26332
2.27,3.73157,3.28325
2.271,3.65124,3.2989
2.272,3.38749,3.30267
2.273,3.28578,3.30195
2.274,3.47829,3.30945
2.275,3.32366,3.31006
2.276,3.46916,3.31683
2.277,3.26192,3.31449
2.278,3.54052,3.32411
2.279,3.40796,3.32767
2.28,3.42218,3.3317
2.281,3.14884,3.32392
2.282,3.50315,3.33154
2.283,3.52017,3.33957
2.284,3.27425,3.33679
2.285,3.35496,3.33756
2.286,3.13076,3.32876
2.287,4.2259,3.36693
2.288,3.00201,3.3514
2.289,3.72236,3.36719
2.29,3.46567,3.37138
2.291,3.79973,3.3896
2.292,3.10781,3.37761
2.293,3.23804,3.37167
2.294,3.23785,3.36598
2.295,3.31395,3.36377
2.296,3.16247,3.3552
2.297,3.2987,3.3528
2.298,3.61869,3.36411
2.299,3.331,3.3627
2.3,2.69574,3.33433
2.301,3.32274,3.33384
2.302,3.14091,3.32563
2.303,3.2286,3.3215
2.304,3.31654,3.32129
2.305,2.94518,3.30529
2.306,3.11705,3.29728
2.307,3.61557,3.31082
2.308,3.27399,3.30925
2.309,3.52339,3.31836
2.31,3.50364,3.32625
2.311,3.04428,3.31425
2.312,2.8964,3.29647
2.313,3.79972,3.31788
2.314,3.6321,3.33125
2.315,3.50862,3.3388
2.316,2.9223,3.32108
2.317,3.39799,3.32435
2.318,3.15439,3.31712
2.319,3.51224,3.32542
2.32,3.19872,3.32003
2.321,3.42534,3.32451
2.322,3.54314,3.33381
2.323,3.1793,3.32724
2.324,3.3801,3.32949
2.325,3.18876,3.3235
2.326,3.22249,3.3192
2.327,3.79652,3.33951
2.328,4.0063,3.36788
2.329,2.90723,3.34828
2.33,2.87973,3.32835
2.331,3.47005,3.33437
2.332,3.61035,3.34612
2.333,3.60689,3.35721
2.334,3.0144,3.34263
2.335,3.69338,3.35755
2.336,3.21913,3.35166
2.337,3.59706,3.3621
2.338,3.64282,3.37404
2.339,3.52897,3.38063
2.34,3.30211,3.37729
2.341,3.15033,3.36764
2.342,3.13486,3.35773
2.343,3.47379,3.36267
2.344,3.42345,3.36526
2.345,3.52061,3.37187
2.346,3.40501,3.37328
2.347,3.48876,3.37819
2.348,3.38827,3.37862
2.349,2.95103,3.36043
2.35,4.11099,3.39236
2.351,3.41358,3.39326
2.352,3.16849,3.3837
2.353,3.48413,3.38797
2.354,3.51093,3.3932
2.355,3.68501,3.40562
2.356,3.41289,3.40593
2.357,3.6081,3.41453
2.358,3.55068,3.42032
2.359,3.42778,3.42064
2.36,3.61888,3.42907
2.361,3.47564,3.43105
2.362,3.58179,3.43747
2.363,3.41849,3.43666
2.364,4.17896,3.46824
2.365,3.68004,3.47725
2.366,3.16725,3.46406
2.367,3.37801,3.4604
2.368,3.92065,3.47998
2.369,3.19462,3.46784
2.37,3.13128,3.45352
2.371,3.37276,3.45009
2.372,3.16353,3.43789
2.373,3.72657,3.45018
2.374,2.68905,3.41779
2.375,3.29763,3.41268
2.376,3.60084,3.42069
2.377,3.73798,3.43419
2.378,3.25886,3.42673
2.379,2.91546,3.40498
2.38,3.44841,3.40682
2.381,2.7712,3.37978
2.382,3.73335,3.39482
2.383,3.10558,3.38252
2.384,3.49504,3.38731
2.385,3.27507,3.38253
2.386,2.69544,3.3533
2.387,3.68993,3.36762
2.388,3.76875,3.38469
2.389,3.13786,3.37419
2.39,3.44877,3.37736
2.391,3.02321,3.36229
2.392,3.64238,3.37421
2.393,3.56106,3.38216
2.394,3.83908,3.4016
2.395,3.07996,3.38791
2.396,3.60658,3.39722
2.397,3.14383,3.38644
2.398,3.3155,3.38342
2.399,3.64542,3.39456
2.4,3.3222,3.39149
2.401,3.42161,3.39277
2.402,3.12565,3.3814
2.403,3.82108,3.40011
2.404,3.72729,3.41403
2.405,3.27543,3.40813
2.406,3.47337,3.41091
2.407,3.49777,3.4146
2.408,3.34583,3.41168
2.409,3.28527,3.4063
2.41,3.51753,3.41103
2.411,4.05562,3.43845
2.412,3.2475,3.43033
2.413,3.59607,3.43738
2.414,3.32391,3.43255
2.415,3.75654,3.44634
2.416,3.609,3.45326
2.417,3.71887,3.46456
2.418,3.48959,3.46562
2.419,3.33476,3.46006
2.42,3.18339,3.44828
2.421,3.59282,3.45443
2.422,3.3,3.44786
2.423,3.59354,3.45406
2.424,3.43009,3.45304
2.425,3.51053,3.45549
2.426,3.74261,3.4677
2.427,3.58566,3.47272
2.428,3.46167,3.47225
2.429,3.92224,3.49139
2.43,3.73909,3.50193
2.431,3.7325,3.51174
2.432,3.39625,3.50683
2.433,3.33103,3.49935
2.434,3.4356,3.49664
2.435,3.26726,3.48688
2.436,3.62703,3.49284
2.437,3.86207,3.50855
2.438,3.55092,3.51035
2.439,3.5554,3.51227
2.44,3.32165,3.50416
2.441,3.6709,3.51125
2.442,3.71341,3.51985
2.443,3.42437,3.51579
2.444,3.33139,3.50795
2.445,3.58318,3.51115
2.446,3.66266,3.51759
2.447,3.30894,3.50872
2.448,3.56245,3.511
2.449,3.5149,3.51117
2.45,3.46096,3.50903
2.451,3.87965,3.5248
2.452,3.3586,3.51773
2.453,3.18506,3.50358
2.454,3.63075,3.50899
2.455,3.55271,3.51085
2.456,3.62296,3.51562
2.457,3.6185,3.51999
2.458,3.66528,3.52617
2.459,3.56631,3.52788
2.46,3.71941,3.53603
2.461,3.86435,3.55
2.462,3.40752,3.54394
2.463,3.31044,3.534
2.464,3.30826,3.5244
2.465,3.47376,3.52224
2.466,3.84153,3.53583
2.467,3.61586,3.53923
2.468,3.16588,3.52335
2.469,3.35781,3.51631
2.47,3.46935,3.51431
2.471,3.43497,3.51093
2.472,3.7777,3.52228
2.473,3.59036,3.52518
2.474,3.29679,3.51546
2.475,3.73346,3.52474
2.476,3.89837,3.54063
2.477,3.78898,3.5512
2.478,3.64853,3.55534
2.479,3.50766,3.55331
2.48,3.15391,3.53632
2.481,3.4589,3.53302
2.482,3.36816,3.52601
2.483,3.68657,3.53284
2.484,3.47107,3.53021
2.485,3.36341,3.52312
2.486,3.61465,3.52701
2.487,4.10527,3.55161
2.488,3.26373,3.53936
2.489,3.68613,3.54561
2.49,3.54227,3.54547
2.491,3.69591,3.55187
2.492,3.43109,3.54673
2.493,4.03264,3.5674
2.494,3.78795,3.57678
2.495,3.45483,3.5716
2.496,3.96732,3.58843
2.497,3.99517,3.60573
2.498,3.48108,3.60043
2.499,3.0885,3.57865
2.5,3.02599,3.55514
2.501,3.5016,3.55286
2.502,3.55174,3.55281
2.503,3.72228,3.56002
2.504,3.60529,3.56195
2.505,3.8245,3.57312
2.506,3.64111,3.57601
2.507,3.64584,3.57898
2.508,3.91218,3.59316
2.509,3.49147,3.58883
2.51,3.65577,3.59168
2.511,3.79493,3.60033
2.512,3.59271,3.6
2.513,3.72027,3.60512
2.514,3.76115,3.61176
2.515,3.9327,3.62541
2.516,3.87688,3.63611
2.517,3.63076,3.63588
2.518,3.15124,3.61526
2.519,3.57199,3.61342
2.52,3.93407,3.62706
2.521,3.29788,3.61306
2.522,3.35105,3.60191
2.523,4.111,3.62357
2.524,4.01391,3.64018
2.525,3.80912,3.64737
2.526,3.48338,3.64039
2.527,3.46795,3.63305
2.528,3.67813,3.63497
2.529,3.61936,3.63431
2.53,3.84152,3.64312
2.531,3.63884,3.64294
2.532,3.66898,3.64405
2.533,3.78677,3.65012
2.534,3.95532,3.6631
2.535,3.67488,3.6636
2.536,3.36846,3.65105
2.537,4.05648,3.6683
2.538,3.94397,3.68002
2.539,3.7344,3.68234
2.54,3.54913,3.67667
2.541,2.97065,3.64663
2.542,3.75336,3.65117
2.543,3.71285,3.6538
2.544,3.51802,3.64802
2.545,3.70437,3.65042
2.546,3.23052,3.63256
2.547,3.96619,3.64675
2.548,3.71854,3.6498
2.549,3.33058,3.63622
2.55,3.5921,3.63435
2.551,3.38514,3.62374
2.552,3.56243,3.62113
2.553,4.08885,3.64103
2.554,3.86335,3.65049
2.555,3.24365,3.63318
2.556,3.61178,3.63227
2.557,3.80193,3.63949
2.558,3.528,3.63475
2.559,3.7975,3.64167
2.56,3.41657,3.63209
2.561,3.76533,3.63776
2.562,3.6538,3.63844
2.563,3.63012,3.63809
2.564,3.36304,3.62639
2.565,3.93536,3.63953
2.566,3.60657,3.63813
2.567,3.56726,3.63512
2.568,3.31149,3.62135
2.569,3.89925,3.63317
2.57,3.54638,3.62948
2.571,3.71443,3.63309
2.572,3.47917,3.62654
2.573,3.98509,3.6418
2.574,3.72823,3.64547
2.575,3.97829,3.65963
2.576,3.7008,3.66139
2.577,3.96692,3.67438
2.578,3.95791,3.68645
2.579,4.04744,3.7018
2.58,3.70718,3.70203
2.581,3.85755,3.70865
2.582,3.66972,3.70699
2.583,3.73449,3.70816
2.584,3.84265,3.71388
2.585,4.00822,3.72641
2.586,4.12213,3.74324
2.587,3.74777,3.74343
2.588,3.56194,3.73571
2.589,3.8234,3.73944
2.59,3.55195,3.73147
2.591,3.89781,3.73854
2.592,3.63977,3.73434
2.593,3.73415,3.73433
2.594,4.05912,3.74815
2.595,4.03281,3.76026
2.596,3.70093,3.75774
2.597,4.0369,3.76961
2.598,3.88014,3.77432
2.599,4.00156,3.78398
2.6,3.98878,3.7927
2.601,3.30928,3.77213
2.602,3.69598,3.76889
2.603,3.61596,3.76238
2.604,3.14708,3.73621
2.605,3.53719,3.72774
2.606,3.75422,3.72887
2.607,3.6799,3.72678
2.608,3.8174,3.73064
2.609,3.96897,3.74078
2.61,3.8979,3.74746
2.611,3.52281,3.73791
2.612,3.98657,3.74848
2.613,3.61426,3.74277
2.614,3.5436,3.7343
2.615,3.41163,3.72057
2.616,3.89896,3.72816
2.617,4.07526,3.74293
2.618,4.09217,3.75779
2.619,4.18783,3.77608
2.62,3.94115,3.78311
2.621,3.4753,3.77001
2.622,4.35512,3.7949
2.623,3.58577,3.78601
2.624,4.16793,3.80225
2.625,3.90985,3.80683
2.626,4.03079,3.81636
2.627,3.36302,3.79707
2.628,4.26305,3.8169
2.629,3.8014,3.81624
2.63,4.24264,3.83438
2.631,3.52915,3.82139
2.632,3.74509,3.81815
2.633,3.4628,3.80303
2.634,4.30254,3.82428
2.635,3.67447,3.81791
2.636,3.96576,3.8242
2.637,4.06954,3.83463
2.638,3.48311,3.81968
2.639,3.77546,3.8178
2.64,3.71141,3.81327
2.641,3.46568,3.79848
2.642,4.04816,3.80911
2.643,3.88851,3.81248
2.644,4.44912,3.83957
2.645,3.73916,3.8353
2.646,4.1909,3.85043
2.647,4.15424,3.86335
2.648,3.59993,3.85214
2.649,3.83128,3.85126
2.65,4.17405,3.86499
2.651,3.8874,3.86594
2.652,3.47795,3.84944
2.653,3.63598,3.84035
2.654,3.93416,3.84435
2.655,3.89757,3.84661
2.656,3.90896,3.84926
2.657,3.79444,3.84693
2.658,3.9512,3.85137
2.659,4.02731,3.85885
2.66,3.68301,3.85137
2.661,3.8198,3.85003
2.662,3.97317,3.85527
2.663,3.9265,3.8583
2.664,3.73905,3.85322
2.665,3.88649,3.85464
2.666,3.73588,3.84959
2.667,3.92414,3.85276
2.668,3.92833,3.85597
2.669,3.89858,3.85779
2.67,3.81839,3.85611
2.671,3.7385,3.85111
2.672,3.58677,3.83986
2.673,3.81918,3.83898
2.674,4.03397,3.84728
2.675,4.25307,3.86454
2.676,4.11015,3.87499
2.677,3.7172,3.86828
2.678,4.2379,3.884
2.679,4.02549,3.89002
2.68,3.96414,3.89317
2.681,3.90137,3.89352
2.682,3.91122,3.89428
2.683,4.08596,3.90243
2.684,3.87499,3.90126
2.685,3.48338,3.88348
2.686,3.92247,3.88514
2.687,3.861,3.88412
2.688,3.80044,3.88056
2.689,4.27116,3.89717
2.69,3.9084,3.89765
2.691,4.20025,3.91053
2.692,3.8373,3.90741
2.693,4.2303,3.92115
2.694,4.0835,3.92805
2.695,3.95903,3.92937
2.696,3.71938,3.92044
2.697,3.6171,3.90753
2.698,3.84419,3.90484
2.699,3.7937,3.90011
2.7,3.78709,3.8953
2.701,3.75365,3.88928
2.702,4.1946,3.90226
2.703,4.08029,3.90984
2.704,4.02933,3.91492
2.705,4.15376,3.92508
2.706,4.2943,3.94079
2.707,4.00392,3.94348
2.708,4.428,3.96409
2.709,4.11679,3.97059
2.71,3.82563,3.96442
2.711,3.71762,3.95392
2.712,3.84154,3.94914
2.713,4.21412,3.96041
2.714,3.92396,3.95886
2.715,4.3727,3.97647
2.716,3.42103,3.95284
2.717,4.10028,3.95911
2.718,4.06346,3.96355
2.719,4.0102,3.96553
2.72,3.69367,3.95397
2.721,3.96103,3.95427
2.722,3.78381,3.94702
2.723,4.09285,3.95322
2.724,3.65241,3.94042
2.725,4.08073,3.94639
2.726,4.24478,3.95909
2.727,3.91143,3.95706
2.728,4.02353,3.95989
2.729,3.5627,3.94299
2.73,4.16435,3.95241
2.731,3.92414,3.9512
2.732,4.66945,3.98176
2.733,3.82895,3.97526
2.734,3.78265,3.96707
2.735,3.74339,3.95755
2.736,3.69518,3.94639
2.737,4.12923,3.95417
2.738,4.07537,3.95932
2.739,4.25571,3.97193
2.74,4.04146,3.97489
2.741,3.86983,3.97042
2.742,4.37687,3.98771
2.743,3.96751,3.98685
2.744,3.41302,3.96244
2.745,3.63832,3.94865
2.746,4.06575,3.95363
2.747,3.72993,3.94412
2.748,4.30765,3.95958
2.749,4.29169,3.97371
2.75,4.2355,3.98485
2.751,4.51764,4.00751
2.752,4.29858,4.0199
2.753,3.97313,4.01791
2.754,4.06547,4.01993
2.755,3.80941,4.01097
2.756,3.50234,3.98934
2.757,4.06545,3.99257
2.758,4.0474,3.99491
2.759,3.68407,3.98168
2.76,3.90958,3.97862
2.761,4.10417,3.98396
2.762,4.18234,3.9924
2.763,3.52811,3.97264
2.764,3.94059,3.97128
2.765,4.45763,3.99197
2.766,4.12238,3.99752
2.767,4.27009,4.00912
2.768,4.16549,4.01577
2.769,3.7807,4.00577
2.77,3.88495,4.00063
2.771,3.7712,3.99087
2.772,4.03077,3.99256
2.773,4.00059,3.99291
2.774,4.22604,4.00282
2.775,4.14475,4.00886
2.776,4.26972,4.01996
2.777,4.06108,4.02171
2.778,3.71857,4.00881
2.779,4.09848,4.01263
2.78,4.02562,4.01318
2.781,3.96444,4.01111
2.782,3.86799,4.00502
2.783,4.10555,4.0093
2.784,3.77328,3.99925
2.785,4.09324,4.00325
2.786,3.9162,3.99955
2.787,4.44541,4.01852
2.788,4.03367,4.01916
2.789,4.64607,4.04583
2.79,3.97346,4.04275
2.791,3.96554,4.03947
2.792,4.09679,4.04191
2.793,4.25976,4.05118
2.794,4.14324,4.05509
2.795,4.26144,4.06387
2.796,4.13493,4.06689
2.797,3.89159,4.05944
2.798,4.06616,4.05972
2.799,4.17375,4.06457
2.8,4.13392,4.06752
2.801,4.2209,4.07405
2.802,4.18063,4.07858
2.803,3.87686,4.07
2.804,4.04247,4.06883
2.805,4.0961,4.06999
2.806,3.74162,4.05602
2.807,4.27357,4.06528
2.808,4.07423,4.06566
2.809,4.35595,4.07801
2.81,3.60784,4.058
2.811,4.17247,4.06287
2.812,3.91533,4.0566
2.813,4.44616,4.07317
2.814,4.43115,4.0884
2.815,3.96666,4.08322
2.816,3.71387,4.06751
2.817,3.94433,4.06227
2.818,4.11576,4.06454
2.819,3.73913,4.0507
2.82,4.26015,4.05961
2.821,4.02624,4.05819
2.822,4.41669,4.07344
2.823,4.06694,4.07316
2.824,4.21412,4.07916
2.825,4.17927,4.08342
2.826,4.32849,4.09385
2.827,4.09055,4.09371
2.828,3.85242,4.08344
2.829,4.06718,4.08275
2.83,4.40099,4.09629
2.831,4.07372,4.09533
2.832,4.14792,4.09757
2.833,4.32762,4.10735
2.834,3.98674,4.10222
2.835,4.04628,4.09984
2.836,4.28429,4.10769
2.837,3.83949,4.09628
2.838,3.85051,4.08582
2.839,4.5995,4.10768
2.84,4.2289,4.11283
2.841,4.46941,4.128
2.842,4.17036,4.12981
2.843,4.42659,4.14243
2.844,4.256,4.14726
2.845,4.21607,4.15019
2.846,4.62484,4.17038
2.847,3.98584,4.16253
2.848,4.31926,4.1692
2.849,3.51269,4.14127
2.85,4.40883,4.15265
2.851,4.24261,4.15648
2.852,4.06529,4.1526
2.853,4.14074,4.1521
2.854,4.54057,4.16862
2.855,4.53003,4.184
2.856,3.8656,4.17045
2.857,4.20944,4.17211
2.858,3.69983,4.15202
2.859,3.97172,4.14435
2.86,4.06424,4.14094
2.861,4.3857,4.15135
2.862,4.43318,4.16334
2.863,4.0341,4.15784
2.864,4.14587,4.15733
2.865,4.25798,4.16162
2.866,4.21629,4.16394
2.867,4.09768,4.16112
2.868,4.34611,4.16899
2.869,4.17768,4.16936
2.87,4.26789,4.17355
2.871,3.96095,4.16451
2.872,3.9576,4.15571
2.873,4.7635,4.18156
2.874,3.98583,4.17324
2.875,4.4868,4.18658
2.876,4.15682,4.18531
2.877,4.03851,4.17907
2.878,4.09997,4.1757
2.879,4.21276,4.17728
2.88,4.21649,4.17895
2.881,4.2448,4.18175
2.882,4.26857,4.18544
2.883,3.96835,4.17621
2.884,4.33309,4.18288
2.885,4.20648,4.18388
2.886,4.49687,4.1972
2.887,4.11753,4.19381
2.888,4.16369,4.19253
2.889,4.0188,4.18514
2.89,4.82197,4.21223
2.891,4.1062,4.20772
2.892,4.01261,4.19942
2.893,4.03776,4.19254
2.894,4.38593,4.20077
2.895,4.17256,4.19957
2.896,4.44552,4.21003
2.897,4.22329,4.2106
2.898,4.62936,4.22841
2.899,4.1257,4.22404
2.9,4.30434,4.22746
2.901,4.39293,4.2345
2.902,3.84078,4.21775
2.903,3.91924,4.20505
2.904,3.73297,4.18496
2.905,4.60466,4.20282
2.906,4.07623,4.19743
2.907,4.1842,4.19687
2.908,4.31135,4.20174
2.909,4.28744,4.20539
2.91,3.9374,4.19399
2.911,4.29569,4.19831
2.912,3.99782,4.18978
2.913,3.90331,4.1776
2.914,4.12758,4.17547
2.915,4.033,4.16941
2.916,4.68744,4.19145
2.917,4.50119,4.20462
2.918,4.23583,4.20595
2.919,3.3849,4.17102
2.92,4.2305,4.17355
2.921,4.48871,4.18696
2.922,4.22574,4.18861
2.923,4.16838,4.18775
2.924,4.26425,4.191
2.925,4.60485,4.20861
2.926,4.24366,4.2101
2.927,3.98624,4.20058
2.928,3.93474,4.18927
2.929,3.76716,4.17131
2.93,4.02974,4.16529
2.931,4.45378,4.17756
2.932,4.41798,4.18779
2.933,4.38297,4.19609
2.934,4.45001,4.20689
2.935,4.30948,4.21126
2.936,3.98332,4.20156
2.937,3.6825,4.17948
2.938,4.62882,4.1986
2.939,4.05295,4.1924
2.94,4.29279,4.19667
2.941,3.93916,4.18571
2.942,3.94148,4.17532
2.943,4.41944,4.18571
2.944,3.88256,4.17281
2.945,4.18438,4.1733
2.946,3.96672,4.16452
2.947,4.13407,4.16322
2.948,4.19877,4.16473
2.949,4.2752,4.16943
2.95,4.04818,4.16427
2.951,4.707,4.18736
2.952,4.06507,4.18216
2.953,4.15309,4.18092
2.954,4.07369,4.17636
2.955,4.03944,4.17054
2.956,4.23928,4.17346
2.957,4.30086,4.17888
2.958,4.6134,4.19737
2.959,4.64218,4.21629
2.96,4.25935,4.21812
2.961,4.55134,4.2323
2.962,4.3333,4.2366
2.963,4.26954,4.238
2.964,4.119,4.23294
2.965,4.48444,4.24364
2.966,4.28156,4.24525
2.967,4.42759,4.25301
2.968,3.94252,4.2398
2.969,4.14643,4.23582
2.97,4.25149,4.23649
2.971,4.47889,4.2468
2.972,4.32219,4.25001
2.973,4.27673,4.25115
2.974,4.41067,4.25793
2.975,3.96569,4.2455
2.976,4.4302,4.25336
2.977,4.38948,4.25915
2.978,3.9898,4.24769
2.979,3.91388,4.23349
2.98,4.25892,4.23457
2.981,4.14256,4.23066
2.982,4.01653,4.22155
2.983,4.13199,4.21774
2.984,4.35926,4.22376
2.985,4.45193,4.23347
2.986,4.20869,4.23241
2.987,3.88292,4.21754
2.988,4.0625,4.21095
2.989,4.25349,4.21276
2.99,3.94845,4.20151
2.991,4.41942,4.21078
2.992,4.0823,4.20532
2.993,4.55463,4.22018
2.994,4.79383,4.24458
2.995,4.34456,4.24884
2.996,4.3781,4.25434
2.997,4.46838,4.26344
2.998,4.66927,4.28071
2.999,4.00621,4.26903
3,4.462,4.27724
3.001,4.36003,4.28076
3.002,4.30197,4.28166
3.003,4.13611,4.27547
3.004,4.40215,4.28086
3.005,4.5907,4.29404
3.006,4.25219,4.29226
3.007,4.69323,4.30932
3.008,4.44166,4.31495
3.009,4.28429,4.31365
3.01,4.36881,4.31599
3.011,4.84155,4.33835
3.012,4.00283,4.32408
3.013,4.50843,4.33192
3.014,4.57755,4.34237
3.015,4.21272,4.33685
3.016,4.36425,4.33802
3.017,4.37842,4.33974
3.018,4.23216,4.33516
3.019,4.25128,4.33159
3.02,3.81199,4.30949
3.021,4.10119,4.30063
3.022,5.05147,4.33257
3.023,3.91506,4.31481
3.024,4.54743,4.3247
3.025,4.87113,4.34795
3.026,5.15961,4.38248
3.027,4.56526,4.39026
3.028,3.91706,4.37013
3.029,4.0871,4.35809
3.03,4.1148,4.34774
3.031,4.45241,4.35219
3.032,4.7902,4.37082
3.033,4.32483,4.36887
3.034,4.50855,4.37481
3.035,4.43378,4.37732
3.036,4.53826,4.38416
3.037,4.50962,4.3895
3.038,4.45071,4.39211
3.039,4.61964,4.40179
3.04,4.36975,4.40042
3.041,4.38182,4.39963
3.042,4.47263,4.40274
3.043,4.07737,4.3889
3.044,4.48572,4.39301
3.045,4.73373,4.40751
3.046,4.62455,4.41674
3.047,4.26013,4.41008
3.048,4.40434,4.40984
3.049,4.00124,4.39245
3.05,4.33752,4.39012
3.051,4.34311,4.38812
3.052,4.5392,4.39454
3.053,4.33789,4.39213
3.054,4.65167,4.40317
3.055,4.32655,4.39992
3.056,4.09172,4.3868
3.057,4.5549,4.39396
3.058,4.40114,4.39426
3.059,4.71086,4.40773
3.06,3.97548,4.38934
3.061,4.41434,4.3904
3.062,4.21969,4.38314
3.063,4.37635,4.38285
3.064,4.6591,4.3946
3.065,4.28056,4.38975
3.066,4.27248,4.38476
3.067,4.32136,4.38207
3.068,4.68924,4.39514
3.069,4.77063,4.41111
3.07,3.76712,4.38371
3.071,4.17701,4.37492
3.072,4.43512,4.37748
3.073,4.74095,4.39294
3.074,4.39067,4.39285
3.075,4.59375,4.40139
3.076,4.20566,4.39307
3.077,4.56702,4.40047
3.078,4.59124,4.40858
3.079,4.80393,4.4254
3.08,4.84043,4.44306
3.081,4.60348,4.44988
3.082,4.36369,4.44622
3.083,4.53131,4.44984
3.084,4.44585,4.44967
3.085,4.58178,4.45529
3.086,4.18455,4.44377
3.087,4.12445,4.43018
3.088,4.78468,4.44527
3.089,4.31588,4.43976
3.09,4.66018,4.44914
3.091,4.61483,4.45619
3.092,4.21915,4.4461
3.093,4.16994,4.43435
3.094,4.41555,4.43355
3.095,4.89187,4.45305
3.096,4.36759,4.44942
3.097,4.2228,4.43978
3.098,4.32363,4.43483
3.099,4.73157,4.44746
3.1,4.73923,4.45987
3.101,4.68947,4.46964
3.102,4.07539,4.45287
3.103,4.53958,4.45656
3.104,4.41124,4.45463
3.105,4.44063,4.45403
3.106,4.44458,4.45363
3.107,4.59194,4.45951
3.108,4.65885,4.46799
3.109,4.65496,4.47595
3.11,4.50965,4.47738
3.111,4.64262,4.48441
3.112,4.23362,4.47374
3.113,4.20917,4.46249
3.114,4.76999,4.47557
3.115,4.69189,4.48477
3.116,4.46626,4.48398
3.117,4.2538,4.47419
3.118,4.54601,4.47725
3.119,4.69862,4.48667
3.12,4.36324,4.48141
3.121,4.49999,4.4822
3.122,5.11024,4.50892
3.123,4.15116,4.4937
3.124,4.4526,4.49195
3.125,4.85868,4.50756
3.126,4.28827,4.49823
3.127,4.54659,4.50028
3.128,4.34264,4.49358
3.129,4.64399,4.49998
3.13,4.56039,4.50255
3.131,4.88182,4.51868
3.132,5.11481,4.54404
3.133,4.28816,4.53316
3.134,4.89437,4.54853
3.135,4.33821,4.53958
3.136,4.7706,4.54941
3.137,4.42682,4.54419
3.138,5.13013,4.56912
3.139,4.29198,4.55733
3.14,4.65736,4.56158
3.141,4.61301,4.56377
3.142,4.96504,4.58084
3.143,4.73004,4.58719
3.144,4.49192,4.58314
3.145,4.58305,4.58313
3.146,4.41993,4.57619
3.147,4.32111,4.56534
3.148,5.01668,4.58454
3.149,4.73068,4.59076
3.15,4.51597,4.58758
3.151,4.4276,4.58077
3.152,4.35966,4.57136
3.153,4.29644,4.55967
3.154,4.72716,4.56679
3.155,4.49884,4.5639
3.156,4.36189,4.55531
3.157,4.46989,4.55167
3.158,4.72067,4.55886
3.159,4.12534,4.54042
3.16,4.44445,4.53634
3.161,4.4366,4.53209
3.162,4.60207,4.53507
3.163,5.10986,4.55952
3.164,3.87044,4.53021
3.165,4.63781,4.53479
3.166,4.38816,4.52855
3.167,5.16845,4.55577
3.168,4.21809,4.54141
3.169,4.50945,4.54005
3.17,4.14466,4.52323
3.171,5.1152,4.54841
3.172,4.51927,4.54717
3.173,4.26032,4.53497
3.174,4.57465,4.53666
3.175,4.28439,4.52592
3.176,4.14989,4.50992
3.177,4.79465,4.52204
3.178,4.89787,4.53803
3.179,4.53225,4.53778
3.18,5.05638,4.55984
3.181,4.67569,4.56477
3.182,4.39531,4.55756
3.183,4.68351,4.56292
3.184,4.59185,4.56415
3.185,4.77836,4.57327
3.186,4.4288,4.56712
3.187,4.55893,4.56677
3.188,4.46156,4.56229
3.189,4.76392,4.57087
3.19,4.49687,4.56772
3.191,4.71163,4.57385
3.192,4.91813,4.58849
3.193,4.70641,4.59351
3.194,4.72908,4.59928
3.195,5.1651,4.62335
3.196,4.6761,4.62559
3.197,4.47525,4.6192
3.198,4.79635,4.62673
3.199,4.53062,4.62265
3.2,4.88539,4.63382
3.201,4.64899,4.63447
3.202,4.68198,4.63649
3.203,4.7015,4.63926
3.204,4.8446,4.64799
3.205,4.51956,4.64253
3.206,4.71986,4.64582
3.207,4.3612,4.63371
3.208,4.51596,4.6287
3.209,4.5982,4.6274
3.21,4.53003,4.62326
3.211,4.66525,4.62505
3.212,4.97022,4.63973
3.213,4.72826,4.6435
3.214,4.67957,4.64503
3.215,4.64095,4.64486
3.216,4.69928,4.64717
3.217,4.47707,4.63994
3.218,4.73231,4.64387
3.219,4.18343,4.62428
3.22,4.282,4.60972
3.221,4.64954,4.61141
3.222,4.74439,4.61707
3.223,4.6941,4.62035
3.224,4.82279,4.62896
3.225,4.78939,4.63578
3.226,4.8239,4.64379
3.227,4.04802,4.61844
3.228,4.48863,4.61292
3.229,4.45047,4.60601
3.23,4.48818,4.60099
3.231,5.01245,4.6185
3.232,4.80614,4.62648
3.233,5.00684,4.64266
3.234,4.81473,4.64998
3.235,5.11723,4.66986
3.236,4.85713,4.67783
3.237,4.62261,4.67548
3.238,4.40445,4.66395
3.239,4.49285,4.65667
3.24,4.94678,4.66901
3.241,5.33807,4.69748
3.242,4.39413,4.68457
3.243,4.86444,4.69222
3.244,4.4621,4.68243
3.245,5.12522,4.70127
3.246,4.75079,4.70338
3.247,4.78871,4.70701
3.248,5.11705,4.72445
3.249,4.58584,4.71856
3.25,4.85448,4.72434
3.251,4.7366,4.72486
3.252,4.83771,4.72966
3.253,4.72376,4.72941
3.254,4.50801,4.71999
3.255,4.86774,4.72628
3.256,4.54565,4.71859
3.257,4.67554,4.71676
3.258,4.98488,4.72817
3.259,4.42697,4.71535
3.26,4.37148,4.70072
3.261,4.50397,4.69235
3.262,4.72997,4.69395
3.263,4.96605,4.70553
3.264,4.9177,4.71456
3.265,4.54745,4.70745
3.266,4.66983,4.70585
3.267,4.77885,4.70895
3.268,4.71096,4.70904
3.269,4.60219,4.70449
3.27,4.59842,4.69998
3.271,4.65502,4.69807
3.272,4.04924,4.67046
3.273,4.86505,4.67874
3.274,4.56691,4.67398
3.275,4.91208,4.68411
3.276,4.86953,4.692
3.277,5.04213,4.7069
3.278,4.64353,4.7042
3.279,4.58936,4.69932
3.28,4.84493,4.70551
3.281,4.50905,4.69715
3.282,5.05776,4.71249
3.283,4.89045,4.72006
3.284,4.87959,4.72685
3.285,4.63925,4.72312
3.286,4.26465,4.70362
3.287,4.26371,4.6849
3.288,4.71143,4.68603
3.289,4.52379,4.67913
3.29,4.71498,4.68066
3.291,5.40167,4.71133
3.292,5.1152,4.72851
3.293,4.69742,4.72719
3.294,4.41938,4.71409
3.295,4.69066,4.7131
3.296,4.9902,4.72489
3.297,4.87009,4.73106
3.298,5.0259,4.74361
3.299,4.96388,4.75298
3.3,4.35799,4.73617
3.301,4.2885,4.71713
3.302,4.7301,4.71768
3.303,4.99349,4.72941
3.304,4.43482,4.71688
3.305,5.20179,4.73751
3.306,4.79619,4.74001
3.307,4.31209,4.7218
3.308,4.69057,4.72047
3.309,4.83227,4.72523
3.31,5.11129,4.74165
3.311,4.89234,4.74806
3.312,4.89454,4.7543
3.313,4.97972,4.76389
3.314,4.61574,4.75758
3.315,5.11028,4.77259
3.316,4.60592,4.7655
3.317,4.06688,4.73578
3.318,4.82327,4.7395
3.319,5.16342,4.75753
3.32,4.48987,4.74615
3.321,4.29705,4.72704
3.322,5.17294,4.74601
3.323,4.85733,4.75075
3.324,4.96513,4.75987
3.325,5.00343,4.77023
3.326,4.2476,4.74799
3.327,5.2346,4.7687
3.328,5.04343,4.78038
3.329,4.9069,4.78577
3.33,4.17266,4.75968
3.331,4.71016,4.75758
3.332,4.90713,4.76394
3.333,4.81184,4.76598
3.334,4.96921,4.77462
3.335,4.78149,4.77491
3.336,4.98183,4.78372
3.337,5.17606,4.80041
3.338,5.13008,4.81443
3.339,4.8617,4.81645
3.34,4.70119,4.81154
3.341,5.30194,4.83241
3.342,5.24962,4.85015
3.343,5.25643,4.86744
3.344,4.79615,4.86441
3.345,5.17262,4.87752
3.346,4.81784,4.87498
3.347,5.0152,4.88095
3.348,5.3421,4.90056
3.349,5.02283,4.90577
3.35,4.89884,4.90547
3.351,5.03985,4.91119
3.352,4.9445,4.91261
3.353,4.74356,4.90541
3.354,5.3517,4.9244
3.355,5.0906,4.93147
3.356,4.68002,4.92077
3.357,4.5246,4.90392
3.358,4.49137,4.88637
3.359,5.14508,4.89737
3.36,4.99033,4.90133
3.361,5.03885,4.90718
3.362,5.24428,4.92152
3.363,5.00691,4.92515
3.364,5.12543,4.93367
3.365,4.74283,4.92555
3.366,4.64774,4.91374
3.367,5.21055,4.92636
3.368,4.87242,4.92407
3.369,4.65893,4.91279
3.37,5.24422,4.92689
3.371,5.41669,4.94773
3.372,4.9567,4.94811
3.373,4.56044,4.93162
3.374,5.1644,4.94152
3.375,4.83706,4.93708
3.376,4.81581,4.93192
3.377,5.01412,4.93541
3.378,4.47123,4.91567
3.379,5.00775,4.91958
3.38,4.90387,4.91891
3.381,4.7604,4.91217
3.382,4.66736,4.90176
3.383,5.42424,4.92398
3.384,5.22051,4.9366
3.385,4.88967,4.9346
3.386,5.16948,4.94459
3.387,4.46349,4.92413
3.388,4.46495,4.90459
3.389,5.02296,4.90963
3.39,4.94646,4.91119
3.391,4.79058,4.90606
3.392,5.1589,4.91682
3.393,4.85427,4.91416
3.394,4.58092,4.89998
3.395,4.60742,4.88754
3.396,4.89774,4.88797
3.397,4.65942,4.87825
3.398,4.45362,4.86018
3.399,4.68461,4.85271
3.4,5.45262,4.87823
3.401,4.56194,4.86478
3.402,4.80353,4.86217
3.403,5.18596,4.87595
3.404,4.78266,4.87198
3.405,4.93013,4.87445
3.406,4.80927,4.87168
3.407,4.72281,4.86535
3.408,4.98865,4.87059
3.409,4.87342,4.87071
3.41,4.91533,4.87261
3.411,4.81057,4.86997
3.412,5.03936,4.87718
3.413,5.1517,4.88886
3.414,4.85536,4.88743
3.415,4.73575,4.88098
3.416,4.95071,4.88394
3.417,4.73919,4.87779
3.418,5.21289,4.89204
3.419,5.15484,4.90322
3.42,4.84514,4.90075
3.421,5.01747,4.90572
3.422,5.05788,4.91219
3.423,4.51492,4.89529
3.424,4.93308,4.8969
3.425,5.09184,4.90519
3.426,4.68797,4.89595
3.427,4.78639,4.89129
3.428,5.19654,4.90428
3.429,5.14675,4.91459
3.43,4.97961,4.91736
3.431,4.88118,4.91582
3.432,5.05309,4.92166
3.433,4.57156,4.90676
3.434,4.7285,4.89918
3.435,4.93822,4.90084
3.436,4.71619,4.89299
3.437,4.93291,4.89468
3.438,5.11807,4.90419
3.439,5.06524,4.91104
3.44,5.17096,4.9221
3.441,4.95926,4.92368
3.442,5.03621,4.92847
3.443,4.92139,4.92816
3.444,4.81087,4.92317
3.445,4.71172,4.91418
3.446,5.17645,4.92534
3.447,5.01057,4.92896
3.448,5.07098,4.935
3.449,5.19496,4.94606
3.45,4.86732,4.94271
3.451,5.57923,4.96979
3.452,4.80544,4.9628
3.453,4.91931,4.96095
3.454,4.9876,4.96208
3.455,4.73819,4.95256
3.456,5.01552,4.95524
3.457,5.04055,4.95887
3.458,4.9592,4.95888
3.459,5.14543,4.96682
3.46,5.03021,4.96951
3.461,4.60146,4.95386
3.462,5.09292,4.95977
3.463,5.13195,4.9671
3.464,4.87325,4.9631
3.465,5.49356,4.98567
3.466,5.26925,4.99774
3.467,5.09432,5.00185
3.468,5.04681,5.00376
3.469,4.82931,4.99634
3.47,5.02586,4.99759
3.471,5.13589,5.00348
3.472,4.9905,5.00292
3.473,5.23499,5.0128
3.474,4.96936,5.01095
3.475,4.70112,4.99777
3.476,4.89411,4.99336
3.477,4.72675,4.98202
3.478,4.67147,4.9688
3.479,4.82629,4.96274
3.48,5.20097,4.97288
3.481,5.17394,4.98143
3.482,5.05634,4.98462
3.483,5.13393,4.99097
3.484,5.11673,4.99632
3.485,5.12731,5.00189
3.486,5.07458,5.00499
3.487,4.97926,5.00389
3.488,5.03785,5.00534
3.489,5.20857,5.01398
3.49,4.89814,5.00905
3.491,5.32356,5.02243
3.492,5.12165,5.02665
3.493,5.02731,5.02668
3.494,5.77011,5.05831
3.495,4.98064,5.05501
3.496,5.02962,5.05393
3.497,5.36275,5.06706
3.498,5.27825,5.07605
3.499,4.98144,5.07202
3.5,5.37929,5.0851
3.501,5.34228,5.09604
3.502,5.20053,5.10048
3.503,5.23304,5.10612
3.504,4.9736,5.10048
3.505,5.29562,5.10879
3.506,4.6354,5.08865
3.507,5.34347,5.09949
3.508,4.60623,5.0785
3.509,5.33692,5.0895
3.51,5.08728,5.0894
3.511,4.9878,5.08508
3.512,4.92392,5.07822
3.513,5.1513,5.08133
3.514,5.34051,5.09236
3.515,5.07905,5.09179
3.516,4.99189,5.08754
3.517,5.33389,5.09802
3.518,5.13911,5.09977
3.519,5.10202,5.09987
3.52,4.82673,5.08825
3.521,4.87413,5.07914
3.522,5.15152,5.08222
3.523,5.09483,5.08275
3.524,5.5657,5.1033
3.525,4.69413,5.08589
3.526,5.50123,5.10356
3.527,4.90096,5.09494
3.528,5.27543,5.10262
3.529,5.29585,5.11084
3.53,4.58299,5.08838
3.531,5.14882,5.09096
3.532,4.89106,5.08245
3.533,5.29672,5.09157
3.534,5.06527,5.09045
3.535,5.39047,5.10321
3.536,5.21573,5.108
3.537,5.27264,5.115
3.538,5.20094,5.11866
3.539,5.2257,5.12321
3.54,5.41603,5.13567
3.541,5.27293,5.14151
3.542,5.61136,5.1615
3.543,5.49267,5.17559
3.544,5.46849,5.18805
3.545,4.95417,5.1781
3.546,4.92914,5.16751
3.547,5.2719,5.17195
3.548,4.8332,5.15754
3.549,5.21711,5.16007
3.55,5.19522,5.16157
3.551,4.88397,5.14976
3.552,4.85664,5.13729
3.553,5.19889,5.13991
3.554,5.10597,5.13846
3.555,5.12834,5.13803
3.556,4.75118,5.12158
3.557,5.01082,5.11686
3.558,5.28966,5.12421
3.559,4.86818,5.11332
3.56,4.90566,5.10449
3.561,5.28431,5.11214
3.562,5.32442,5.12117
3.563,5.1971,5.1244
3.564,5.27849,5.13095
3.565,5.39309,5.14211
3.566,4.70819,5.12365
3.567,4.94141,5.11589
3.568,5.22082,5.12036
3.569,4.58842,5.09773
3.57,5.21978,5.10292
3.571,5.58787,5.12355
3.572,4.80416,5.10996
3.573,5.3923,5.12198
3.574,5.2078,5.12563
3.575,5.20109,5.12884
3.576,5.15107,5.12978
3.577,4.93812,5.12163
3.578,5.29482,5.129
3.579,5.00344,5.12365
3.58,5.07802,5.12171
3.581,5.09273,5.12048
3.582,5.46944,5.13533
3.583,4.9665,5.12814
3.584,5.19973,5.13119
3.585,5.46226,5.14527
3.586,5.09355,5.14307
3.587,5.11357,5.14182
3.588,5.34958,5.15066
3.589,4.96601,5.1428
3.59,5.153,5.14324
3.591,5.13945,5.14307
3.592,4.71685,5.12494
3.593,5.336,5.13392
3.594,5.12141,5.13339
3.595,5.34945,5.14258
3.596,5.03844,5.13815
3.597,5.31057,5.14549
3.598,4.98307,5.13858
3.599,5.12179,5.13786
3.6,5.08046,5.13542
3.601,4.72963,5.11816
3.602,5.68408,5.14223
3.603,5.1133,5.141
3.604,5.76614,5.1676
3.605,5.03621,5.16201
3.606,5.4042,5.17231
3.607,5.20026,5.1735
3.608,5.32627,5.18
3.609,5.13109,5.17792
3.61,5.03001,5.17163
3.611,5.21051,5.17328
3.612,5.49448,5.18694
3.613,5.35559,5.19412
3.614,5.21196,5.19488
3.615,5.11905,5.19165
3.616,5.4936,5.2045
3.617,5.073,5.1989
3.618,5.42736,5.20862
3.619,5.42815,5.21796
3.62,5.56074,5.23255
3.621,4.91223,5.21892
3.622,5.20903,5.2185
3.623,5.22679,5.21885
3.624,5.79784,5.24348
3.625,5.07212,5.23619
3.626,5.08067,5.22958
3.627,5.36934,5.23552
3.628,5.15896,5.23226
3.629,5.55094,5.24582
3.63,4.91238,5.23164
3.631,5.59089,5.24692
3.632,5.21654,5.24563
3.633,5.17574,5.24265
3.634,4.99016,5.23191
3.635,5.06306,5.22473
3.636,5.36838,5.23084
3.637,5.22315,5.23051
3.638,5.23271,5.23061
3.639,6.11943,5.26842
3.64,5.2541,5.26781
3.641,5.01098,5.25688
3.642,5.09382,5.24995
3.643,5.37884,5.25543
3.644,5.54119,5.26759
3.645,5.32911,5.27021
3.646,5.50661,5.28026
3.647,4.87793,5.26315
3.648,5.10869,5.25658
3.649,4.66327,5.23133
3.65,5.20994,5.23042
3.651,5.65538,5.2485
3.652,4.91006,5.2341
3.653,5.76525,5.2567
3.654,4.93994,5.24323
3.655,5.26769,5.24427
3.656,4.99861,5.23382
3.657,5.50171,5.24521
3.658,5.2169,5.24401
3.659,5.25723,5.24457
3.66,5.56746,5.25831
3.661,5.49911,5.26855
3.662,5.26051,5.26821
3.663,5.27467,5.26848
3.664,4.90527,5.25303
3.665,5.21862,5.25157
3.666,5.18571,5.24877
3.667,5.38636,5.25462
3.668,5.50951,5.26546
3.669,5.66752,5.28257
3.67,5.57678,5.29509
3.671,5.38494,5.29891
3.672,5.71748,5.31672
3.673,5.28892,5.31553
3.674,4.91812,5.29863
3.675,5.78343,5.31925
3.676,5.03893,5.30733
3.677,5.25561,5.30512
3.678,5.61512,5.31831
3.679,5.48997,5.32562
3.68,5.63375,5.33872
3.681,5.07179,5.32737
3.682,5.0989,5.31765
3.683,5.05614,5.30652
3.684,5.78162,5.32674
3.685,5.21059,5.32179
3.686,5.3976,5.32502
3.687,5.41248,5.32874
3.688,5.16712,5.32186
3.689,5.33725,5.32252
3.69,5.08605,5.31246
3.691,5.50142,5.3205
3.692,5.29986,5.31962
3.693,5.59931,5.33152
3.694,5.52343,5.33968
3.695,4.9772,5.32426
3.696,5.03005,5.31174
3.697,5.20266,5.3071
3.698,4.8981,5.2897
3.699,5.34043,5.29186
3.7,4.88096,5.27438
3.701,5.42383,5.28074
3.702,5.08977,5.27261
3.703,5.39335,5.27775
3.704,5.48496,5.28657
3.705,5.33925,5.28881
3.706,5.26361,5.28774
3.707,4.96735,5.27411
3.708,5.1296,5.26796
3.709,5.2078,5.2654
3.71,5.29567,5.26669
3.711,5.3843,5.27169
3.712,5.65575,5.28803
3.713,5.45907,5.29531
3.714,5.62431,5.3093
3.715,5.25887,5.30716
3.716,5.44318,5.31294
3.717,5.30944,5.3128
3.718,5.58092,5.3242
3.719,5.45242,5.32966
3.72,5.24786,5.32618
3.721,5.40592,5.32957
3.722,5.4581,5.33504
3.723,5.74009,5.35227
3.724,5.35132,5.35223
3.725,5.52538,5.3596
3.726,6.08449,5.39044
3.727,4.72728,5.36222
3.728,4.9498,5.34468
3.729,5.59455,5.35531
3.73,5.51906,5.36227
3.731,5.561,5.37073
3.732,5.26028,5.36603
3.733,5.61634,5.37668
3.734,5.55723,5.38436
3.735,5.158,5.37473
3.736,5.53784,5.38167
3.737,5.24253,5.37575
3.738,5.72323,5.39053
3.739,5.5736,5.39832
3.74,5.81049,5.41586
3.741,5.82592,5.4333
3.742,5.61297,5.44094
3.743,5.55374,5.44574
3.744,5.88015,5.46422
3.745,5.25005,5.45511
3.746,5.48686,5.45646
3.747,5.12064,5.44218
3.748,5.65199,5.4511
3.749,5.35482,5.44701
3.75,5.47976,5.4484
3.751,5.08749,5.43305
3.752,5.06822,5.41752
3.753,5.59776,5.42519
3.754,5.6624,5.43528
3.755,4.99911,5.41673
3.756,4.6731,5.38509
3.757,5.78333,5.40203
3.758,5.34352,5.39954
3.759,5.52012,5.40467
3.76,5.41698,5.4052
3.761,5.3499,5.40285
3.762,5.50375,5.40714
3.763,5.44734,5.40885
3.764,5.02986,5.39273
3.765,5.57074,5.4003
3.766,5.47226,5.40336
3.767,5.64467,5.41363
3.768,5.59433,5.42131
3.769,5.84218,5.43922
3.77,5.84763,5.45659
3.771,5.71526,5.4676
3.772,5.85511,5.48408
3.773,4.90499,5.45945
3.774,5.25534,5.45076
3.775,5.49192,5.45252
3.776,5.04587,5.43522
3.777,5.19061,5.42481
3.778,5.66346,5.43496
3.779,5.16385,5.42343
3.78,5.01709,5.40614
3.781,5.6985,5.41858
3.782,5.3171,5.41426
3.783,5.53762,5.41951
3.784,5.4752,5.42188
3.785,5.81932,5.43879
3.786,5.2369,5.4302
3.787,5.62506,5.43849
3.788,5.47282,5.43995
3.789,5.22367,5.43075
3.79,5.8188,5.44726
3.791,5.46281,5.44792
3.792,4.86232,5.42301
3.793,5.58165,5.42975
3.794,5.68211,5.44049
3.795,5.28777,5.43399
3.796,5.77369,5.44845
3.797,5.40682,5.44667
3.798,5.59026,5.45278
3.799,5.62819,5.46025
3.8,5.57929,5.46531
3.801,5.12581,5.45087
3.802,5.33886,5.4461
3.803,5.38434,5.44347
3.804,5.46899,5.44456
3.805,5.3731,5.44152
3.806,5.43487,5.44124
3.807,5.47489,5.44267
3.808,5.49049,5.4447
3.809,5.35886,5.44105
3.81,5.64818,5.44986
3.811,5.55256,5.45423
3.812,5.91188,5.4737
3.813,5.28859,5.46583
3.814,5.55938,5.46981
3.815,5.59704,5.47522
3.816,5.40199,5.4721
3.817,5.50406,5.47346
3.818,5.91215,5.49213
3.819,5.88842,5.50899
3.82,5.4607,5.50693
3.821,5.73715,5.51673
3.822,5.98748,5.53675
3.823,5.6845,5.54304
3.824,5.58768,5.54494
3.825,5.57644,5.54628
3.826,5.39173,5.5397
3.827,5.25157,5.52745
3.828,5.61303,5.53109
3.829,5.13669,5.51431
3.83,5.33546,5.5067
3.831,5.77701,5.5182
3.832,5.18022,5.50382
3.833,5.87084,5.51943
3.834,5.53968,5.5203
3.835,5.30377,5.51108
3.836,5.76514,5.52189
3.837,5.61495,5.52585
3.838,5.7918,5.53717
3.839,5.59987,5.53983
3.84,5.5826,5.54165
3.841,5.54239,5.54168
3.842,6.13562,5.56695
3.843,5.48984,5.56367
3.844,5.49164,5.56061
3.845,5.64871,5.56436
3.846,5.53312,5.56303
3.847,5.73057,5.57015
3.848,5.55902,5.56968
3.849,5.84581,5.58143
3.85,5.67731,5.58551
3.851,5.43863,5.57926
3.852,5.03812,5.55624
3.853,5.59649,5.55795
3.854,5.76951,5.56695
3.855,5.8781,5.58019
3.856,5.51865,5.57757
3.857,5.62133,5.57943
3.858,5.81231,5.58934
3.859,5.66116,5.59239
3.86,5.53415,5.58992
3.861,5.67488,5.59353
3.862,5.78645,5.60174
3.863,5.63771,5.60327
3.864,5.90784,5.61623
3.865,5.57757,5.61458
3.866,5.27361,5.60007
3.867,5.55702,5.59824
3.868,5.76411,5.6053
3.869,5.57098,5.60384
3.87,5.61618,5.60436
3.871,5.75939,5.61096
3.872,5.66269,5.61316
3.873,5.74088,5.61859
3.874,5.26868,5.60371
3.875,5.60527,5.60377
3.876,5.19877,5.58654
3.877,5.64052,5.58884
3.878,5.17647,5.5713
3.879,5.348,5.5618
3.88,5.251,5.54857
3.881,5.28098,5.53719
3.882,6.02292,5.55785
3.883,5.35521,5.54923
3.884,5.41951,5.54371
3.885,5.68325,5.54965
3.886,5.01109,5.52674
3.887,5.59282,5.52955
3.888,6.13157,5.55516
3.889,5.86643,5.5684
3.89,5.65699,5.57217
3.891,5.38027,5.56401
3.892,5.83223,5.57542
3.893,5.56308,5.57489
3.894,5.64988,5.57808
3.895,5.59964,5.579
3.896,5.64155,5.58166
3.897,6.02695,5.60061
3.898,5.53147,5.59767
3.899,5.44288,5.59108
3.9,5.6383,5.59309
3.901,5.76062,5.60022
3.902,6.08737,5.62094
3.903,5.52823,5.617
3.904,5.55003,5.61415
3.905,5.83884,5.62371
3.906,5.90659,5.63574
3.907,5.48942,5.62952
3.908,5.563,5.62669
3.909,5.64103,5.6273
3.91,5.51615,5.62257
3.911,6.09779,5.64279
3.912,6.18978,5.66606
3.913,5.76898,5.67044
3.914,5.42072,5.65981
3.915,5.52077,5.6539
3.916,5.57085,5.65036
3.917,6.13877,5.67114
3.918,5.70859,5.67274
3.919,5.73449,5.67536
3.92,5.77648,5.67966
3.921,6.09456,5.69732
3.922,5.72791,5.69862
3.923,5.48608,5.68957
3.924,5.9333,5.69994
3.925,5.93407,5.7099
3.926,5.42417,5.69775
3.927,5.76803,5.70074
3.928,5.8519,5.70717
3.929,5.82427,5.71215
3.93,5.97479,5.72332
3.931,6.1544,5.74166
3.932,5.61275,5.73618
3.933,5.6186,5.73118
3.934,5.36558,5.71562
3.935,5.6341,5.71215
3.936,5.54728,5.70514
3.937,5.79182,5.70883
3.938,5.41515,5.69633
3.939,5.49839,5.68791
3.94,5.89551,5.69675
3.941,6.1654,5.71668
3.942,6.07273,5.73183
3.943,5.53856,5.72361
3.944,5.6631,5.72103
3.945,5.68284,5.71941
3.946,5.72208,5.71952
3.947,5.73183,5.72005
3.948,5.82694,5.72459
3.949,5.78254,5.72706
3.95,5.62716,5.72281
3.951,5.58423,5.71691
3.952,5.86145,5.72306
3.953,5.70056,5.72211
3.954,5.43251,5.70979
3.955,5.68928,5.70891
3.956,5.8134,5.71336
3.957,5.71549,5.71345
3.958,6.19055,5.73375
3.959,5.99418,5.74483
3.96,5.98126,5.75489
3.961,5.83623,5.75835
3.962,5.8443,5.762
3.963,5.45568,5.74897
3.964,5.88956,5.75495
3.965,5.39712,5.73973
3.966,5.7283,5.73924
3.967,5.73878,5.73922
3.968,5.87395,5.74495
3.969,5.73645,5.74459
3.97,5.73418,5.74415
3.971,5.40827,5.72986
3.972,6.13038,5.7469
3.973,6.04288,5.75949
3.974,5.49145,5.74809
3.975,5.79354,5.75002
3.976,5.75418,5.7502
3.977,5.77287,5.75116
3.978,6.05587,5.76413
3.979,6.14558,5.78035
3.98,5.34623,5.76189
3.981,5.90155,5.76783
3.982,5.72879,5.76617
3.983,5.98112,5.77531
3.984,5.70995,5.77253
3.985,5.47908,5.76005
3.986,5.67926,5.75661
3.987,5.35126,5.73936
3.988,5.53184,5.73054
3.989,5.947,5.73974
3.99,5.86841,5.74522
3.991,6.03055,5.75736
3.992,6.04548,5.76961
3.993,5.55591,5.76052
3.994,5.94363,5.76831
3.995,5.89189,5.77357
3.996,5.95144,5.78114
3.997,5.45001,5.76705
3.998,5.80547,5.76868
3.999,5.91924,5.77509
4,5.73629,5.77344
4.001,5.31378,5.75388
4.002,6.08441,5.76795
4.003,6.05825,5.7803
4.004,5.86292,5.78381
4.005,6.27728,5.8048
4.006,6.03294,5.81451
4.007,5.82059,5.81477
4.008,5.8404,5.81586
4.009,5.61179,5.80718
4.01,6.07049,5.81838
4.011,6.33439,5.84033
4.012,6.18266,5.8549
4.013,6.07818,5.8644
4.014,5.86878,5.86458
4.015,5.38141,5.84403
4.016,5.76397,5.84062
4.017,5.81703,5.83962
4.018,6.2673,5.85781
4.019,5.56918,5.84553
4.02,5.50815,5.83118
4.021,6.11329,5.84318
4.022,5.62171,5.83376
4.023,6.01481,5.84146
4.024,5.70506,5.83566
4.025,6.08996,5.84648
4.026,6.02022,5.85387
4.027,5.52171,5.83974
4.028,5.87254,5.84113
4.029,5.53805,5.82824
4.03,5.86509,5.82981
4.031,5.71557,5.82495
4.032,6.34163,5.84693
4.033,6.03762,5.85504
4.034,5.78809,5.85219
4.035,5.92429,5.85526
4.036,6.01274,5.86196
4.037,6.05973,5.87037
4.038,6.08071,5.87932
4.039,5.92305,5.88118
4.04,5.65083,5.87138
4.041,6.33282,5.89101
4.042,5.91815,5.89217
4.043,5.87798,5.89156
4.044,5.78458,5.88701
4.045,6.08582,5.89547
4.046,5.75868,5.88965
4.047,6.15165,5.9008
4.048,5.83309,5.89792
4.049,6.08834,5.90602
4.05,5.52047,5.88962
4.051,5.86186,5.88843
4.052,5.62926,5.87741
4.053,6.25475,5.89346
4.054,5.9632,5.89643
4.055,5.85981,5.89487
4.056,5.69937,5.88655
4.057,5.55199,5.87232
4.058,5.48993,5.85605
4.059,6.17394,5.86958
4.06,5.7766,5.86562
4.061,6.20466,5.88004
4.062,5.74022,5.8741
4.063,5.81142,5.87143
4.064,5.7449,5.86605
4.065,6.11238,5.87653
4.066,6.02961,5.88304
4.067,5.46282,5.86516
4.068,5.79114,5.86201
4.069,5.68263,5.85438
4.07,6.02269,5.86154
4.071,5.96071,5.86576
4.072,5.96117,5.86982
4.073,6.01981,5.8762
4.074,5.49584,5.86002
4.075,5.85178,5.85967
4.076,5.37761,5.83916
4.077,5.81114,5.83797
4.078,6.16964,5.85208
4.079,5.87136,5.8529
4.08,6.05452,5.86148
4.081,6.01931,5.86819
4.082,5.59878,5.85673
4.083,5.85894,5.85682
4.084,5.79881,5.85436
4.085,5.62903,5.84477
4.086,5.97487,5.8503
4.087,5.47136,5.83418
4.088,5.71994,5.82932
4.089,5.44811,5.8131
4.09,6.16164,5.82793
4.091,5.86057,5.82932
4.092,6.09216,5.8405
4.093,5.85968,5.84132
4.094,5.96405,5.84654
4.095,5.70865,5.84067
4.096,6.12452,5.85275
4.097,5.97609,5.858
4.098,5.60765,5.84735
4.099,5.70152,5.84114
4.1,5.98469,5.84725
4.101,5.92223,5.85044
4.102,6.51738,5.87881
4.103,5.95397,5.88201
4.104,5.61496,5.87065
4.105,5.89056,5.8715
4.106,6.06227,5.87961
4.107,5.86226,5.87887
4.108,6.15567,5.89065
4.109,6.07129,5.89833
4.11,5.97119,5.90143
4.111,5.93899,5.90303
4.112,6.23549,5.91718
4.113,5.65818,5.90616
4.114,6.09451,5.91417
4.115,6.00737,5.91814
4.116,5.84782,5.91514
4.117,5.88082,5.91368
4.118,5.8833,5.91239
4.119,6.04394,5.91799
4.12,5.83886,5.91462
4.121,5.80067,5.90977
4.122,5.88387,5.90867
4.123,5.98591,5.91196
4.124,6.13913,5.92162
4.125,5.96084,5.92329
4.126,5.63318,5.91095
4.127,5.79307,5.90593
4.128,5.81715,5.90216
4.129,5.87388,5.90095
4.13,6.32197,5.91886
4.131,5.80338,5.91395
4.132,5.94492,5.91527
4.133,5.73569,5.90763
4.134,6.21246,5.9206
4.135,5.94901,5.92181
4.136,6.00239,5.92523
4.137,6.36078,5.94376
4.138,5.75403,5.93569
4.139,6.36521,5.95396
4.14,5.90847,5.95203
4.141,5.76326,5.944
4.142,6.0554,5.94874
4.143,5.89207,5.94633
4.144,6.04388,5.95048
4.145,6.09045,5.95643
4.146,6.4467,5.97729
4.147,5.76356,5.9682
4.148,6.25515,5.9804
4.149,6.67431,6.00993
4.15,5.74708,5.99874
4.151,5.39321,5.97298
4.152,5.98259,5.97339
4.153,5.52051,5.95412
4.154,5.81768,5.94832
4.155,5.67809,5.93682
4.156,5.81826,5.93178
4.157,6.18938,5.94274
4.158,6.25382,5.95597
4.159,5.98886,5.95737
4.16,5.77864,5.94977
4.161,6.14388,5.95803
4.162,6.09273,5.96376
4.163,5.60261,5.94839
4.164,6.45431,5.96992
4.165,5.66057,5.95676
4.166,6.31449,5.97197
4.167,5.89299,5.96861
4.168,6.1064,5.97448
4.169,5.86342,5.96975
4.17,5.95376,5.96907
4.171,5.64164,5.95514
4.172,6.06812,5.95995
4.173,6.28598,5.97382
4.174,5.81278,5.96697
4.175,6.52864,5.99086
4.176,5.91027,5.98743
4.177,5.78275,5.97873
4.178,6.33144,5.99373
4.179,5.69948,5.98121
4.18,6.47352,6.00216
4.181,6.41888,6.01989
4.182,6.21708,6.02828
4.183,6.24155,6.03735
4.184,5.86614,6.03007
4.185,5.76633,6.01885
4.186,6.0513,6.02023
4.187,6.05367,6.02165
4.188,5.90603,6.01673
4.189,6.04685,6.01801
4.19,6.14838,6.02356
4.191,6.35406,6.03762
4.192,5.89876,6.03171
4.193,5.9935,6.03009
4.194,5.8654,6.02308
4.195,6.65392,6.04992
4.196,6.27269,6.05939
4.197,5.99101,6.05649
4.198,5.9736,6.05296
4.199,6.3221,6.06441
4.2,6.10869,6.06629
4.201,6.48499,6.08411
4.202,6.51276,6.10234
4.203,6.12667,6.10338
4.204,6.15564,6.1056
4.205,6.17646,6.10862
4.206,6.71007,6.1342
4.207,6.01552,6.12915
4.208,6.10804,6.12826
4.209,6.02959,6.12406
4.21,5.67499,6.10495
4.211,6.14765,6.10677
4.212,5.80284,6.09384
4.213,6.16154,6.09672
4.214,5.80971,6.08451
4.215,5.82026,6.07327
4.216,6.3064,6.08319
4.217,6.01368,6.08023
4.218,6.48805,6.09758
4.219,6.35615,6.10858
4.22,6.16825,6.11112
4.221,6.07663,6.10965
4.222,6.18284,6.11276
4.223,6.41844,6.12577
4.224,6.43007,6.13871
4.225,5.91023,6.12899
4.226,6.52541,6.14586
4.227,5.42235,6.11508
4.228,6.26601,6.1215
4.229,6.29655,6.12895
4.23,6.17588,6.13094
4.231,5.94347,6.12297
4.232,5.76728,6.10784
4.233,6.4978,6.12443
4.234,5.84345,6.11247
4.235,6.51513,6.1296
4.236,5.89516,6.11963
4.237,6.25174,6.12525
4.238,5.60429,6.10309
4.239,6.4445,6.11761
4.24,6.33916,6.12704
4.241,6.19642,6.12999
4.242,6.27163,6.13601
4.243,5.55761,6.11141
4.244,6.40635,6.12396
4.245,6.1904,6.12678
4.246,6.60599,6.14717
4.247,6.30599,6.15393
4.248,6.10754,6.15195
4.249,6.13459,6.15121
4.25,6.48315,6.16534
4.251,6.14746,6.16458
4.252,6.0297,6.15884
4.253,6.39298,6.1688
4.254,5.92282,6.15833
4.255,6.21529,6.16076
4.256,6.30858,6.16705
4.257,6.23574,6.16997
4.258,5.97288,6.16158
4.259,6.59793,6.18015
4.26,5.82493,6.16504
4.261,6.14273,6.16409
4.262,6.58398,6.18195
4.263,5.99326,6.17392
4.264,5.62114,6.15041
4.265,6.37587,6.16
4.266,5.82909,6.14592
4.267,6.69704,6.16937
4.268,5.8387,6.1553
4.269,6.14257,6.15476
4.27,6.29656,6.16079
4.271,6.11439,6.15882
4.272,6.48489,6.17269
4.273,6.52492,6.18767
4.274,5.98302,6.17897
4.275,6.13272,6.177
4.276,6.39284,6.18618
4.277,6.41331,6.19584
4.278,6.15926,6.19429
4.279,6.42126,6.20394
4.28,6.16043,6.20209
4.281,6.19226,6.20167
4.282,6.36269,6.20852
4.283,6.05448,6.20197
4.284,6.13567,6.19915
4.285,6.17378,6.19807
4.286,6.05823,6.19212
4.287,5.99605,6.18378
4.288,6.60745,6.2018
4.289,6.47619,6.21348
4.29,6.53606,6.2272
4.291,6.40783,6.23489
4.292,6.31032,6.2381
4.293,5.89819,6.22363
4.294,6.32213,6.22783
4.295,6.27512,6.22984
4.296,5.90226,6.2159
4.297,6.29342,6.2192
4.298,6.45597,6.22927
4.299,6.35763,6.23473
4.3,5.87352,6.21937
4.301,6.65632,6.23796
4.302,6.7615,6.26023
4.303,5.79039,6.24024
4.304,6.16304,6.23696
4.305,6.3661,6.24245
4.306,6.38771,6.24863
4.307,5.88327,6.23309
4.308,6.11667,6.22813
4.309,5.87697,6.21319
4.31,6.67813,6.23297
4.311,6.35979,6.23837
4.312,6.21277,6.23728
4.313,6.49571,6.24827
4.314,6.55413,6.26129
4.315,5.75734,6.23985
4.316,6.18074,6.23733
4.317,6.024,6.22826
4.318,6.09634,6.22264
4.319,6.78355,6.24651
4.32,6.48271,6.25656
4.321,6.2326,6.25554
4.322,6.06227,6.24731
4.323,6.2573,6.24774
4.324,6.29853,6.2499
4.325,6.56889,6.26347
4.326,6.22293,6.26175
4.327,5.74689,6.23984
4.328,6.28538,6.24178
4.329,6.3919,6.24817
4.33,6.09823,6.24179
4.331,6.40113,6.24857
4.332,6.36452,6.2535
4.333,5.8049,6.23441
4.334,6.28751,6.23667
4.335,6.16329,6.23355
4.336,5.71569,6.21152
4.337,6.28113,6.21448
4.338,6.18244,6.21312
4.339,6.04859,6.20612
4.34,6.35705,6.21254
4.341,6.25445,6.21432
4.342,6.66561,6.23352
4.343,6.11846,6.22863
4.344,5.7637,6.20885
4.345,6.16427,6.20695
4.346,6.57609,6.22266
4.347,6.12874,6.21866
4.348,6.35097,6.22429
4.349,6.33732,6.2291
4.35,6.31554,6.23278
4.351,6.34994,6.23776
4.352,6.06698,6.23049
4.353,6.56636,6.24478
4.354,6.50532,6.25587
4.355,6.51329,6.26682
4.356,6.60442,6.28118
4.357,6.14819,6.27552
4.358,6.40112,6.28087
4.359,6.35041,6.28383
4.36,6.34757,6.28654
4.361,6.37829,6.29044
4.362,5.97439,6.277
4.363,6.74699,6.29699
4.364,6.5913,6.30951
4.365,6.03012,6.29763
4.366,6.21352,6.29405
4.367,6.37538,6.29751
4.368,6.40748,6.30219
4.369,6.37371,6.30523
4.37,6.45667,6.31167
4.371,6.5639,6.3224
4.372,6.40406,6.32588
4.373,6.0715,6.31505
4.374,5.87897,6.2965
4.375,6.35359,6.29893
4.376,6.59779,6.31164
4.377,6.11395,6.30323
4.378,6.25225,6.30107
4.379,6.63147,6.31512
4.38,6.24248,6.31203
4.381,6.13145,6.30435
4.382,6.61243,6.31746
4.383,6.59104,6.32909
4.384,6.47948,6.33549
4.385,6.39981,6.33823
4.386,6.29644,6.33645
4.387,6.59461,6.34743
4.388,6.18382,6.34047
4.389,6.38876,6.34253
4.39,5.84156,6.32122
4.391,6.1503,6.31394
4.392,6.03148,6.30193
4.393,6.60981,6.31503
4.394,6.32248,6.31534
4.395,6.31586,6.31536
4.396,6.12593,6.30731
4.397,6.688,6.3235
4.398,7.25811,6.36326
4.399,6.41481,6.36546
4.4,6.63392,6.37688
4.401,6.4086,6.37823
4.402,6.13045,6.36769
4.403,6.07201,6.35511
4.404,6.43281,6.35841
4.405,6.56597,6.36724
4.406,6.84124,6.38741
4.407,6.53741,6.39379
4.408,6.82962,6.41233
4.409,6.35581,6.40993
4.41,6.22552,6.40208
4.411,6.30869,6.39811
4.412,6.74295,6.41278
4.413,5.89577,6.39078
4.414,6.43051,6.39247
4.415,6.11264,6.38057
4.416,6.22638,6.37401
4.417,6.39996,6.37511
4.418,6.61177,6.38518
4.419,6.6735,6.39745
4.42,6.42211,6.3985
4.421,6.47378,6.4017
4.422,6.92081,6.42378
4.423,6.44328,6.42461
4.424,6.10717,6.41111
4.425,6.15182,6.40008
4.426,6.75626,6.41523
4.427,6.09718,6.4017
4.428,6.80462,6.41884
4.429,6.59534,6.42635
4.43,6.64421,6.43562
4.431,6.54144,6.44012
4.432,6.32319,6.43515
4.433,6.04346,6.41848
4.434,6.60441,6.42639
4.435,6.38163,6.42449
4.436,6.23724,6.41652
4.437,6.50063,6.4201
4.438,6.4673,6.42211
4.439,6.3149,6.41755
4.44,6.50047,6.42108
4.441,6.22595,6.41277
4.442,6.17801,6.40279
4.443,6.46142,6.40528
4.444,6.35354,6.40308
4.445,6.16353,6.39289
4.446,6.54398,6.39932
4.447,6.70685,6.4124
4.448,6.79748,6.42878
4.449,6.67881,6.43942
4.45,6.38872,6.43726
4.451,6.57934,6.44331
4.452,6.48271,6.44498
4.453,6.74756,6.45786
4.454,6.35629,6.45353
4.455,6.31511,6.44765
4.456,6.55398,6.45217
4.457,6.51959,6.45504
4.458,7.18498,6.48609
4.459,6.4509,6.48459
4.46,6.12602,6.46934
4.461,6.73348,6.48058
4.462,6.11388,6.46498
4.463,6.34086,6.4597
4.464,6.26648,6.45148
4.465,6.41806,6.45005
4.466,6.47439,6.45109
4.467,6.56131,6.45578
4.468,5.90727,6.43244
4.469,6.64723,6.44158
4.47,6.12755,6.42822
4.471,6.83256,6.44542
4.472,6.43388,6.44493
4.473,6.49019,6.44686
4.474,6.478,6.44818
4.475,6.74108,6.46064
4.476,6.56764,6.4652
4.477,6.25745,6.45636
4.478,6.66418,6.4652
4.479,6.33532,6.45967
4.48,6.56161,6.46401
4.481,6.56361,6.46825
4.482,6.21624,6.45753
4.483,6.40148,6.45514
4.484,6.67397,6.46445
4.485,6.44084,6.46345
4.486,7.09316,6.49024
4.487,6.33118,6.48347
4.488,6.1261,6.46827
4.489,6.54376,6.47148
4.49,6.6548,6.47928
4.491,7.02527,6.50251
4.492,6.57838,6.50573
4.493,6.40497,6.50145
4.494,6.40522,6.49735
4.495,6.31801,6.48972
4.496,6.25878,6.4799
4.497,6.69982,6.48925
4.498,6.36141,6.48381
4.499,6.41028,6.48069
4.5,6.40874,6.47763
4.501,6.7567,6.4895
4.502,6.76109,6.50105
4.503,6.44665,6.49874
4.504,7.33432,6.53429
4.505,6.53191,6.53419
4.506,5.9716,6.51025
4.507,6.64367,6.51593
4.508,7.02383,6.53753
4.509,6.14019,6.52063
4.51,6.48984,6.51932
4.511,6.55141,6.52069
4.512,6.82095,6.53346
4.513,6.33069,6.52483
4.514,6.49473,6.52355
4.515,6.45611,6.52068
4.516,6.80669,6.53285
4.517,6.57211,6.53452
4.518,6.45005,6.53093
4.519,6.40713,6.52566
4.52,6.4921,6.52423
4.521,6.61297,6.52801
4.522,6.34303,6.52014
4.523,6.20195,6.5066
4.524,6.6708,6.51359
4.525,6.58293,6.51654
4.526,6.61922,6.52091
4.527,6.90998,6.53746
4.528,6.67594,6.54335
4.529,6.68731,6.54947
4.53,7.09906,6.57286
4.531,6.74988,6.58039
4.532,6.31589,6.56913
4.533,6.6068,6.57074
4.534,6.47605,6.56671
4.535,6.64801,6.57017
4.536,6.0375,6.54751
4.537,6.57887,6.54884
4.538,6.55921,6.54928
4.539,6.5668,6.55003
4.54,6.47795,6.54696
4.541,6.33036,6.53775
4.542,6.64229,6.54219
4.543,6.76149,6.55152
4.544,6.52003,6.55018
4.545,6.5194,6.54887
4.546,6.55421,6.5491
4.547,6.61243,6.55179
4.548,6.35475,6.54341
4.549,6.52476,6.54262
4.55,6.59076,6.54467
4.551,6.80664,6.55581
4.552,6.29838,6.54486
4.553,6.58065,6.54638
4.554,6.47694,6.54343
4.555,6.36485,6.53583
4.556,6.46977,6.53302
4.557,6.51796,6.53238
4.558,6.81573,6.54443
4.559,6.70423,6.55123
4.56,6.43631,6.54634
4.561,6.8874,6.56085
4.562,6.74752,6.56879
4.563,6.89864,6.58283
4.564,6.47108,6.57807
4.565,6.66062,6.58159
4.566,6.41116,6.57433
4.567,6.33917,6.56433
4.568,6.45512,6.55968
4.569,6.40671,6.55318
4.57,6.80528,6.5639
4.571,6.54179,6.56296
4.572,6.51687,6.561
4.573,6.73461,6.56839
4.574,6.69779,6.57389
4.575,6.6619,6.57763
4.576,6.72755,6.58401
4.577,6.61827,6.58547
4.578,6.80796,6.59494
4.579,6.44599,6.5886
4.58,7.13177,6.61171
4.581,6.83,6.62099
4.582,6.2793,6.60646
4.583,6.82057,6.61557
4.584,6.42749,6.60757
4.585,6.6627,6.60991
4.586,6.85513,6.62034
4.587,6.48328,6.61451
4.588,6.45331,6.60765
4.589,6.72484,6.61264
4.59,6.61716,6.61283
4.591,6.67309,6.6154
4.592,6.29861,6.60192
4.593,6.86696,6.61319
4.594,6.57398,6.61153
4.595,6.79182,6.6192
4.596,6.68698,6.62208
4.597,6.67365,6.62427
4.598,6.71609,6.62818
4.599,6.37482,6.6174
4.6,6.85272,6.62741
4.601,6.30147,6.61355
4.602,6.77798,6.62054
4.603,6.60066,6.6197
4.604,6.5573,6.61704
4.605,6.61866,6.61711
4.606,6.35451,6.60594
4.607,6.40677,6.59746
4.608,6.94805,6.61238
4.609,6.56002,6.61015
4.61,6.69243,6.61365
4.611,6.60186,6.61315
4.612,6.72182,6.61777
4.613,6.81091,6.62599
4.614,6.64012,6.62659
4.615,6.32123,6.6136
4.616,6.58408,6.61234
4.617,6.10804,6.59089
4.618,6.555,6.58936
4.619,6.93622,6.60412
4.62,6.67869,6.60729
4.621,6.27639,6.59321
4.622,6.83502,6.6035
4.623,6.9635,6.61882
4.624,6.83977,6.62822
4.625,6.34394,6.61612
4.626,6.99203,6.63211
4.627,6.69775,6.63491
4.628,6.71704,6.6384
4.629,5.97475,6.61017
4.63,6.87497,6.62143
4.631,6.36223,6.61041
4.632,6.8815,6.62194
4.633,6.80841,6.62987
4.634,6.4905,6.62394
4.635,6.68074,6.62636
4.636,6.65033,6.62738
4.637,6.64821,6.62826
4.638,6.68393,6.63063
4.639,6.62857,6.63055
4.64,6.95325,6.64427
4.641,6.28371,6.62893
4.642,6.49306,6.62315
4.643,6.56568,6.62071
4.644,6.5821,6.61907
4.645,6.91563,6.63168
4.646,7.2215,6.65678
4.647,7.07197,6.67444
4.648,6.9775,6.68733
4.649,6.30587,6.6711
4.65,6.913,6.6814
4.651,6.47583,6.67265
4.652,6.40321,6.66119
4.653,7.10282,6.67998
4.654,6.70709,6.68113
4.655,6.6492,6.67977
4.656,7.05713,6.69582
4.657,6.19918,6.6747
4.658,6.85457,6.68235
4.659,6.74492,6.68501
4.66,6.93308,6.69556
4.661,6.4654,6.68577
4.662,7.01218,6.69966
4.663,6.92206,6.70912
4.664,6.73917,6.7104
4.665,6.90126,6.71852
4.666,6.57122,6.71225
4.667,6.53037,6.70451
4.668,6.54783,6.69785
4.669,7.22206,6.72015
4.67,6.42449,6.70757
4.671,7.29841,6.73271
4.672,6.9083,6.74018
4.673,6.67308,6.73732
4.674,6.86505,6.74276
4.675,7.0777,6.75701
4.676,6.85153,6.76103
4.677,6.67847,6.75752
4.678,6.87891,6.76268
4.679,6.54991,6.75363
4.68,6.79615,6.75544
4.681,6.59079,6.74843
4.682,6.71299,6.74693
4.683,6.37795,6.73123
4.684,6.69153,6.72954
4.685,6.75915,6.7308
4.686,6.44089,6.71846
4.687,6.42522,6.70599
4.688,6.97821,6.71757
4.689,6.53624,6.70986
4.69,6.46686,6.69952
4.691,6.57028,6.69402
4.692,6.78158,6.69775
4.693,6.80634,6.70237
4.694,6.66622,6.70083
4.695,7.09047,6.7174
4.696,6.8491,6.72301
4.697,6.60483,6.71798
4.698,7.13593,6.73576
4.699,6.70679,6.73453
4.7,6.8388,6.73896
4.701,6.78123,6.74076
4.702,6.93411,6.74899
4.703,6.55887,6.7409
4.704,6.78919,6.74295
4.705,6.74409,6.743
4.706,6.63438,6.73838
4.707,7.39927,6.7665
4.708,6.606,6.75967
4.709,7.05521,6.77224
4.71,7.02923,6.78318
4.711,6.65235,6.77761
4.712,7.46989,6.80706
4.713,6.82522,6.80783
4.714,6.80163,6.80757
4.715,7.06637,6.81858
4.716,6.90535,6.82227
4.717,7.14137,6.83585
4.718,6.86928,6.83727
4.719,6.87569,6.8389
4.72,6.88453,6.84085
4.721,6.35754,6.82028
4.722,6.87449,6.82259
4.723,6.43448,6.80608
4.724,7.17338,6.8217
4.725,6.81902,6.82159
4.726,6.58409,6.81149
4.727,6.75828,6.80922
4.728,6.90938,6.81348
4.729,6.78481,6.81226
4.73,6.56966,6.80194
4.731,6.77099,6.80063
4.732,6.3256,6.78042
4.733,7.12947,6.79527
4.734,6.98079,6.80316
4.735,6.7611,6.80137
4.736,6.64561,6.79474
4.737,6.85755,6.79742
4.738,6.66097,6.79161
4.739,6.57812,6.78253
4.74,6.61174,6.77526
4.741,6.59375,6.76754
4.742,6.85103,6.77109
4.743,6.99947,6.78081
4.744,7.06106,6.79273
4.745,7.52282,6.82379
4.746,6.62767,6.81545
4.747,6.62954,6.80754
4.748,7.15164,6.82218
4.749,6.91968,6.82633
4.75,6.43935,6.80986
4.751,6.95149,6.81589
4.752,6.86907,6.81815
4.753,6.89268,6.82132
4.754,7.17743,6.83647
4.755,6.63047,6.82771
4.756,7.08196,6.83852
4.757,6.84747,6.8389
4.758,6.65124,6.83092
4.759,7.03607,6.83965
4.76,7.20477,6.85518
4.761,7.10225,6.86569
4.762,6.95955,6.86969
4.763,6.6645,6.86096
4.764,7.25128,6.87756
4.765,6.71264,6.87055
4.766,6.90008,6.8718
4.767,7.08826,6.88101
4.768,6.99287,6.88577
4.769,6.8521,6.88434
4.77,6.92889,6.88623
4.771,7.09115,6.89495
4.772,6.66983,6.88537
4.773,7.24019,6.90047
4.774,6.69776,6.89185
4.775,6.82084,6.88882
4.776,6.68493,6.88015
4.777,6.93136,6.88233
4.778,7.16563,6.89438
4.779,6.73195,6.88747
4.78,6.59916,6.87521
4.781,6.90198,6.87634
4.782,7.20796,6.89045
4.783,7.12008,6.90022
4.784,7.21033,6.91341
4.785,7.28249,6.92912
4.786,6.8279,6.92481
4.787,6.89405,6.9235
4.788,6.95915,6.92502
4.789,6.88671,6.92339
4.79,6.95308,6.92465
4.791,7.07263,6.93095
4.792,6.87674,6.92864
4.793,6.96068,6.93
4.794,7.04378,6.93484
4.795,6.82944,6.93036
4.796,7.40421,6.95052
4.797,7.32721,6.96654
4.798,6.66291,6.95363
4.799,7.21108,6.96458
4.8,6.84797,6.95962
4.801,6.86153,6.95545
4.802,6.48992,6.93564
4.803,6.87397,6.93302
4.804,6.85263,6.9296
4.805,6.97577,6.93156
4.806,6.91864,6.93101
4.807,7.00887,6.93432
4.808,6.6237,6.92111
4.809,7.07633,6.92771
4.81,7.34742,6.94557
4.811,6.92455,6.94467
4.812,6.99801,6.94694
4.813,7.24267,6.95952
4.814,6.65285,6.94648
4.815,7.10581,6.95326
4.816,6.56621,6.93679
4.817,6.86462,6.93372
4.818,6.85343,6.9303
4.819,7.2631,6.94446
4.82,7.36499,6.96235
4.821,6.79664,6.9553
4.822,7.06785,6.96009
4.823,7.16549,6.96883
4.824,7.18187,6.97789
4.825,6.81513,6.97097
4.826,7.34575,6.98691
4.827,7.4028,7.00461
4.828,7.19012,7.0125
4.829,6.60054,6.99497
4.83,7.3736,7.01108
4.831,7.04315,7.01244
4.832,6.86064,7.00599
4.833,7.14814,7.01203
4.834,6.83806,7.00463
4.835,7.4508,7.02361
4.836,7.57079,7.04689
4.837,6.38646,7.0188
4.838,6.95672,7.01615
4.839,7.02754,7.01664
4.84,7.24357,7.02629
4.841,7.21169,7.03418
4.842,6.48774,7.01093
4.843,7.48839,7.03125
4.844,7.13371,7.0356
4.845,6.71426,7.02193
4.846,7.39372,7.03775
4.847,6.85766,7.03009
4.848,6.87682,7.02357
4.849,6.69903,7.00976
4.85,6.72595,6.99769
4.851,7.33843,7.01218
4.852,7.12127,7.01682
4.853,7.06912,7.01905
4.854,7.03337,7.01966
4.855,7.09114,7.0227
4.856,6.84897,7.01531
4.857,7.24333,7.02501
4.858,6.88979,7.01926
4.859,7.00786,7.01877
4.86,6.66716,7.00381
4.861,7.27939,7.01554
4.862,7.27068,7.02639
4.863,6.63414,7.0097
4.864,7.54483,7.03247
4.865,6.94695,7.02883
4.866,6.42612,7.00319
4.867,6.92124,6.9997
4.868,7.12503,7.00504
4.869,7.15159,7.01127
4.87,6.70758,6.99835
4.871,7.24975,7.00905
4.872,7.31179,7.02193
4.873,6.89821,7.01666
4.874,7.11889,7.02101
4.875,7.33765,7.03448
4.876,7.19424,7.04128
4.877,6.8753,7.03422
4.878,7.36311,7.04821
4.879,7.96246,7.08711
4.88,7.41049,7.10086
4.881,6.65406,7.08185
4.882,6.93813,7.07574
4.883,7.02138,7.07343
4.884,7.27282,7.08191
4.885,7.24009,7.08864
4.886,7.32375,7.09864
4.887,7.14933,7.1008
4.888,7.48769,7.11726
4.889,7.15829,7.119
4.89,7.03395,7.11539
4.891,6.89487,7.106
4.892,7.58782,7.1265
4.893,7.05315,7.12338
4.894,6.97642,7.11713
4.895,6.9985,7.11208
4.896,7.12829,7.11277
4.897,7.2616,7.1191
4.898,7.34157,7.12857
4.899,7.45372,7.1424
4.9,7.70141,7.16618
4.901,7.05954,7.16165
4.902,7.04376,7.15663
4.903,6.88737,7.14518
4.904,6.84903,7.13258
4.905,6.94673,7.12467
4.906,7.10714,7.12392
4.907,7.2061,7.12742
4.908,7.02822,7.1232
4.909,6.7023,7.10529
4.91,7.35864,7.11607
4.911,7.01684,7.11185
4.912,6.69475,7.09411
4.913,7.47043,7.11012
4.914,7.06387,7.10815
4.915,7.06326,7.10624
4.916,6.78231,7.09246
4.917,6.88873,7.08379
4.918,7.10792,7.08482
4.919,7.12653,7.08659
4.92,7.18262,7.09068
4.921,7.77207,7.11966
4.922,6.78524,7.10544
4.923,7.19769,7.10936
4.924,7.59857,7.13017
4.925,7.09193,7.12855
4.926,7.34968,7.13796
4.927,7.29789,7.14476
4.928,7.45717,7.15805
4.929,7.14386,7.15745
4.93,7.14475,7.15691
4.931,6.80956,7.14213
4.932,7.08651,7.13976
4.933,7.01605,7.1345
4.934,6.78727,7.11973
4.935,7.436,7.13318
4.936,7.92658,7.16694
4.937,7.35355,7.17488
4.938,7.33226,7.18157
4.939,7.11574,7.17877
4.94,7.18497,7.17903
4.941,7.19454,7.17969
4.942,7.69494,7.20161
4.943,7.29347,7.20552
4.944,7.69382,7.2263
4.945,7.2981,7.22935
4.946,7.21258,7.22864
4.947,6.99247,7.21859
4.948,7.35778,7.22451
4.949,7.47834,7.23531
4.95,7.40474,7.24252
4.951,7.48006,7.25262
4.952,7.09561,7.24594
4.953,7.40344,7.25264
4.954,7.02164,7.24282
4.955,7.46909,7.25244
4.956,7.40824,7.25907
4.957,7.4119,7.26557
4.958,7.08589,7.25793
4.959,7.20729,7.25578
4.96,7.31061,7.25811
4.961,7.14193,7.25317
4.962,7.08383,7.24596
4.963,7.44768,7.25454
4.964,7.69739,7.27338
4.965,6.9365,7.25905
4.966,7.44621,7.26701
4.967,7.43752,7.27427
4.968,7.40412,7.27979
4.969,7.55954,7.29169
4.97,7.39038,7.29589
4.971,7.59499,7.30862
4.972,7.76816,7.32817
4.973,7.10078,7.31849
4.974,7.33258,7.31909
4.975,7.20464,7.31422
4.976,6.96476,7.29936
4.977,7.41807,7.30441
4.978,7.48283,7.312
4.979,7.62866,7.32547
4.98,7.42011,7.3295
4.981,7.14908,7.32182
4.982,7.11072,7.31284
4.983,7.05314,7.30179
4.984,7.38296,7.30524
4.985,7.27192,7.30383
4.986,7.52032,7.31304
4.987,7.45825,7.31921
4.988,7.29857,7.31834
4.989,6.99665,7.30465
4.99,6.84554,7.28512
4.991,7.33425,7.28721
4.992,6.82466,7.26753
4.993,7.19189,7.26431
4.994,7.23992,7.26327
4.995,7.36955,7.2678
4.996,6.98813,7.2559
4.997,7.30209,7.25786
4.998,7.16201,7.25379
4.999,6.80197,7.23456
