t,original_y,smoothed_y
0,2.59583,2.59583
0.001,2.79519,2.78517
0.002,3.06006,2.91921
0.003,3.34078,3.05776
0.004,3.21701,3.09732
0.005,3.30723,3.13934
0.006,2.80126,3.0825
0.007,2.60648,3.01334
0.008,2.69263,2.97219
0.009,3.21869,3.00059
0.01,2.94583,2.99485
0.011,2.75772,2.97198
0.012,3.21512,2.99375
0.013,3.06012,2.9993
0.014,2.83498,2.98634
0.015,2.90383,2.98018
0.016,2.85869,2.97153
0.017,2.68234,2.95184
0.018,2.76396,2.93955
0.019,2.68458,2.92348
0.02,3.06379,2.93203
0.021,2.86125,2.92785
0.022,2.90494,2.92653
0.023,2.95575,2.92817
0.024,2.70305,2.91583
0.025,2.35448,2.88571
0.026,3.10035,2.89701
0.027,2.99798,2.90223
0.028,3.04432,2.90945
0.029,3.41964,2.93502
0.03,2.86053,2.93133
0.031,2.4758,2.9091
0.032,2.78225,2.90298
0.033,2.94535,2.905
0.034,2.77851,2.89902
0.035,2.75117,2.89209
0.036,3.0804,2.90085
0.037,2.48985,2.88188
0.038,2.4624,2.86265
0.039,2.46993,2.84475
0.04,3.15848,2.85896
0.041,2.80511,2.85654
0.042,2.84204,2.85589
0.043,2.73813,2.85063
0.044,2.61418,2.84011
0.045,2.94375,2.84471
0.046,2.57766,2.83291
0.047,2.72131,2.828
0.048,2.81589,2.82747
0.049,2.63053,2.81885
0.05,2.82108,2.81894
0.051,3.17131,2.8343
0.052,2.58417,2.82342
0.053,3.18491,2.83912
0.054,3.03888,2.84777
0.055,2.52758,2.83392
0.056,2.40232,2.81527
0.057,2.40023,2.79735
0.058,2.65906,2.79139
0.059,2.7763,2.79074
0.06,2.42911,2.77519
0.061,2.82483,2.77732
0.062,2.79854,2.77823
0.063,2.32748,2.75889
0.064,2.64275,2.75391
0.065,3.64458,2.79208
0.066,2.37916,2.77439
0.067,2.4983,2.76258
0.068,3.10907,2.7774
0.069,3.00493,2.78713
0.07,2.64062,2.78087
0.071,2.32318,2.76131
0.072,2.8444,2.76486
0.073,2.72599,2.7632
0.074,2.52208,2.75291
0.075,2.63686,2.74796
0.076,2.56259,2.74005
0.077,2.70202,2.73843
0.078,2.45174,2.7262
0.079,2.84306,2.73118
0.08,2.36686,2.71566
0.081,2.55633,2.70886
0.082,2.40384,2.69587
0.083,2.68261,2.6953
0.084,2.75167,2.6977
0.085,2.91047,2.70677
0.086,2.71217,2.707
0.087,2.54737,2.7002
0.088,2.45799,2.68988
0.089,2.93995,2.70053
0.09,2.8999,2.70902
0.091,2.72127,2.70954
0.092,2.52816,2.70182
0.093,2.2612,2.68306
0.094,2.61468,2.68015
0.095,2.64189,2.67852
0.096,2.40208,2.66676
0.097,2.94482,2.67859
0.098,2.77646,2.68276
0.099,2.75056,2.68564
0.1,2.72155,2.68717
0.101,2.53361,2.68064
0.102,2.0379,2.65328
0.103,2.65591,2.6534
0.104,2.35249,2.64059
0.105,2.13759,2.61919
0.106,2.33839,2.60724
0.107,2.77115,2.61421
0.108,2.93263,2.62776
0.109,2.86774,2.63797
0.11,2.53522,2.6336
0.111,2.87066,2.64369
0.112,2.38827,2.63282
0.113,2.48381,2.62648
0.114,2.28639,2.61201
0.115,2.49954,2.60723
0.116,2.37035,2.59715
0.117,2.76569,2.60432
0.118,2.70895,2.60877
0.119,2.74492,2.61456
0.12,2.29255,2.60086
0.121,2.45827,2.5948
0.122,2.74708,2.60127
0.123,2.13637,2.5815
0.124,2.52651,2.57916
0.125,3.03319,2.59847
0.126,2.25076,2.58368
0.127,2.52379,2.58113
0.128,2.68084,2.58537
0.129,2.38671,2.57692
0.13,2.49384,2.57339
0.131,2.1521,2.55546
0.132,2.52818,2.5543
0.133,2.32054,2.54436
0.134,2.73677,2.55254
0.135,2.3343,2.54326
0.136,2.30883,2.53329
0.137,2.61047,2.53657
0.138,2.1372,2.51958
0.139,2.41514,2.51513
0.14,2.52026,2.51535
0.141,2.81769,2.52822
0.142,2.1327,2.51139
0.143,2.42981,2.50792
0.144,2.64329,2.51368
0.145,1.86422,2.48605
0.146,2.79136,2.49904
0.147,2.04902,2.47989
0.148,2.49089,2.48036
0.149,2.51134,2.48168
0.15,2.37507,2.47714
0.151,2.04486,2.45875
0.152,2.22672,2.44888
0.153,2.23765,2.43989
0.154,2.29241,2.43362
0.155,2.44022,2.4339
0.156,2.31725,2.42894
0.157,2.35823,2.42593
0.158,2.41023,2.42526
0.159,2.44738,2.4262
0.16,2.72208,2.43879
0.161,2.2686,2.43155
0.162,2.09413,2.41719
0.163,2.38938,2.41601
0.164,2.35069,2.41323
0.165,2.4585,2.41516
0.166,2.53205,2.42013
0.167,1.99148,2.40189
0.168,2.31814,2.39833
0.169,2.67258,2.41
0.17,2.04694,2.39455
0.171,2.55878,2.40154
0.172,2.31319,2.39778
0.173,1.95181,2.37881
0.174,2.27315,2.37431
0.175,2.37273,2.37425
0.176,2.20078,2.36687
0.177,1.98176,2.35048
0.178,2.40049,2.35261
0.179,2.28993,2.34994
0.18,2.45949,2.3546
0.181,2.09412,2.34352
0.182,2.22535,2.33849
0.183,1.9791,2.3232
0.184,2.21332,2.31853
0.185,2.50044,2.32627
0.186,2.41402,2.33
0.187,2.11386,2.32081
0.188,2.6408,2.33442
0.189,2.35425,2.33526
0.19,2.41614,2.3387
0.191,2.16647,2.33138
0.192,2.47655,2.33755
0.193,2.10296,2.32757
0.194,2.2793,2.32552
0.195,2.0916,2.31557
0.196,2.48485,2.32277
0.197,1.76981,2.29924
0.198,2.95534,2.32716
0.199,2.45235,2.33248
0.2,2.19861,2.32679
0.201,2.49443,2.33392
0.202,2.09455,2.32374
0.203,2.33885,2.32438
0.204,2.12248,2.31579
0.205,2.63482,2.32936
0.206,1.99303,2.31505
0.207,2.0301,2.30293
0.208,1.88282,2.28506
0.209,2.02287,2.2739
0.21,2.44106,2.28101
0.211,2.22265,2.27853
0.212,1.92977,2.26369
0.213,2.07432,2.25564
0.214,2.05741,2.2472
0.215,2.14198,2.24273
0.216,2.0034,2.23255
0.217,2.25206,2.23338
0.218,2.32242,2.23716
0.219,1.69422,2.21407
0.22,2.36366,2.22043
0.221,1.86256,2.2052
0.222,2.67947,2.22538
0.223,2.12145,2.22096
0.224,1.88165,2.20652
0.225,1.74649,2.18695
0.226,1.80118,2.17054
0.227,1.74192,2.15231
0.228,2.6481,2.1734
0.229,1.88911,2.1613
0.23,2.25707,2.16538
0.231,1.93759,2.15569
0.232,2.26219,2.16022
0.233,1.84085,2.14663
0.234,2.00781,2.14073
0.235,2.12858,2.14021
0.236,2.24188,2.14453
0.237,2.29326,2.15086
0.238,1.73139,2.13302
0.239,1.83252,2.12023
0.24,2.17661,2.12263
0.241,1.67477,2.10358
0.242,1.68302,2.08568
0.243,1.634,2.06647
0.244,1.98298,2.06292
0.245,1.75887,2.04998
0.246,1.97749,2.0469
0.247,1.75127,2.03432
0.248,2.13804,2.03873
0.249,2.24206,2.04738
0.25,1.92449,2.04216
0.251,2.5197,2.06247
0.252,2.19437,2.06808
0.253,2.16948,2.0724
0.254,1.89936,2.06504
0.255,1.88677,2.05745
0.256,1.93073,2.05206
0.257,2.33481,2.06409
0.258,2.10879,2.06599
0.259,2.33677,2.07751
0.26,2.21556,2.08338
0.261,1.27472,2.04898
0.262,1.90496,2.04285
0.263,1.83485,2.034
0.264,1.73555,2.02131
0.265,1.86648,2.01472
0.266,1.70316,2.00147
0.267,2.07466,2.00458
0.268,1.65223,1.98959
0.269,1.67469,1.97619
0.27,1.98513,1.97657
0.271,1.97908,1.97668
0.272,2.32691,1.99158
0.273,2.31407,2.0053
0.274,1.77063,1.99532
0.275,1.96292,1.99394
0.276,1.48861,1.97244
0.277,1.88159,1.96857
0.278,1.63016,1.95418
0.279,2.18453,1.96398
0.28,1.78346,1.9563
0.281,1.74234,1.94719
0.282,1.7785,1.94002
0.283,2.09505,1.94661
0.284,2.20773,1.95772
0.285,1.86705,1.95386
0.286,2.01001,1.95625
0.287,1.93504,1.95535
0.288,1.90767,1.95332
0.289,1.92431,1.95209
0.29,2.01798,1.95489
0.291,2.16568,1.96386
0.292,1.90046,1.96116
0.293,1.67856,1.94914
0.294,1.45554,1.92814
0.295,1.76577,1.92123
0.296,1.50959,1.90372
0.297,1.84809,1.90135
0.298,1.83278,1.89844
0.299,1.67425,1.8889
0.3,1.86348,1.88782
0.301,1.97417,1.89149
0.302,1.76492,1.88611
0.303,2.13857,1.89685
0.304,1.82845,1.89394
0.305,2.13548,1.90421
0.306,1.77478,1.89871
0.307,1.99895,1.90297
0.308,1.73591,1.89586
0.309,1.59162,1.88292
0.31,1.87416,1.88255
0.311,2.20236,1.89615
0.312,1.93455,1.89779
0.313,1.50403,1.88104
0.314,2.0511,1.88827
0.315,1.72575,1.88136
0.316,1.64544,1.87132
0.317,1.38565,1.85066
0.318,2.07314,1.86012
0.319,1.84132,1.85932
0.32,1.83979,1.85849
0.321,1.5498,1.84536
0.322,1.62425,1.83595
0.323,1.63718,1.8275
0.324,1.67972,1.82121
0.325,1.54506,1.80946
0.326,1.92386,1.81433
0.327,1.74269,1.81128
0.328,1.48148,1.79725
0.329,1.46222,1.783
0.33,1.78559,1.78311
0.331,1.97625,1.79132
0.332,1.83403,1.79314
0.333,1.88323,1.79697
0.334,1.54775,1.78637
0.335,2.02361,1.79646
0.336,1.93818,1.80249
0.337,1.59907,1.79384
0.338,1.44068,1.77881
0.339,1.97767,1.78727
0.34,1.71256,1.78409
0.341,1.72421,1.78155
0.342,1.4048,1.76552
0.343,1.27284,1.74456
0.344,2.0338,1.75686
0.345,1.91076,1.76341
0.346,1.71457,1.76133
0.347,1.73482,1.76021
0.348,2.27413,1.78207
0.349,1.58899,1.77386
0.35,1.84484,1.77688
0.351,1.71561,1.77427
0.352,1.73504,1.7726
0.353,1.33596,1.75402
0.354,2.16262,1.77141
0.355,1.65924,1.76663
0.356,1.57641,1.75854
0.357,1.80971,1.76072
0.358,2.22573,1.7805
0.359,1.69125,1.7767
0.36,1.55253,1.76717
0.361,1.64487,1.76196
0.362,1.87228,1.76666
0.363,1.6621,1.76221
0.364,1.47096,1.74982
0.365,1.61052,1.74389
0.366,1.28241,1.72426
0.367,1.73669,1.72479
0.368,1.66908,1.72242
0.369,2.03328,1.73564
0.37,1.50267,1.72573
0.371,1.31403,1.70822
0.372,1.6662,1.70643
0.373,1.38542,1.69277
0.374,1.70249,1.69319
0.375,1.50756,1.68529
0.376,1.82772,1.69135
0.377,1.8706,1.69897
0.378,1.35928,1.68452
0.379,1.60605,1.68118
0.38,1.51092,1.67394
0.381,1.5591,1.66906
0.382,1.55935,1.66439
0.383,1.23037,1.64592
0.384,1.51479,1.64034
0.385,1.51912,1.63519
0.386,1.41078,1.62564
0.387,1.67096,1.62757
0.388,1.59643,1.62624
0.389,1.62964,1.62639
0.39,1.39472,1.61653
0.391,1.50341,1.61172
0.392,1.77312,1.61859
0.393,1.63464,1.61927
0.394,1.54746,1.61621
0.395,1.60461,1.61572
0.396,1.51069,1.61125
0.397,1.68111,1.61422
0.398,1.35973,1.6034
0.399,1.5177,1.59975
0.4,1.70605,1.60427
0.401,1.67039,1.60709
0.402,1.27889,1.59312
0.403,1.45425,1.58721
0.404,1.98845,1.60428
0.405,1.68967,1.60792
0.406,1.67434,1.61074
0.407,1.42082,1.60266
0.408,1.65414,1.60485
0.409,1.26101,1.59022
0.41,1.95845,1.60589
0.411,1.32657,1.59401
0.412,1.429,1.58699
0.413,1.17875,1.56962
0.414,1.5395,1.56834
0.415,1.40188,1.56126
0.416,1.72791,1.56835
0.417,1.28725,1.55639
0.418,1.54138,1.55575
0.419,1.21348,1.54119
0.42,1.16627,1.52524
0.421,1.59199,1.52808
0.422,1.72304,1.53637
0.423,1.42859,1.53179
0.424,1.53225,1.53181
0.425,1.19208,1.51735
0.426,1.75638,1.52752
0.427,1.67419,1.53376
0.428,1.12569,1.5164
0.429,1.63067,1.52126
0.43,1.17285,1.50644
0.431,1.44988,1.50403
0.432,1.23559,1.49261
0.433,1.29033,1.48401
0.434,1.72541,1.49428
0.435,1.47625,1.49351
0.436,1.5246,1.49483
0.437,1.48379,1.49436
0.438,1.76815,1.50601
0.439,1.37471,1.50042
0.44,1.41492,1.49679
0.441,1.51713,1.49765
0.442,1.31803,1.49001
0.443,1.49025,1.49002
0.444,1.75444,1.50127
0.445,1.16874,1.48712
0.446,1.68047,1.49535
0.447,1.32147,1.48795
0.448,1.34003,1.48166
0.449,1.12095,1.46631
0.45,1.36827,1.46214
0.451,1.24234,1.45279
0.452,1.41681,1.45126
0.453,1.91515,1.47099
0.454,1.12854,1.45643
0.455,1.42012,1.45488
0.456,1.06288,1.4382
0.457,1.58178,1.44431
0.458,1.614,1.45153
0.459,1.31104,1.44555
0.46,1.47252,1.4467
0.461,1.54544,1.4509
0.462,1.58862,1.45676
0.463,1.13416,1.44304
0.464,1.31062,1.4374
0.465,1.59848,1.44426
0.466,1.7016,1.4552
0.467,1.6292,1.46261
0.468,1.17601,1.45041
0.469,1.43198,1.44963
0.47,1.57368,1.45491
0.471,1.43116,1.4539
0.472,1.37376,1.45049
0.473,1.01658,1.43203
0.474,1.3562,1.4288
0.475,1.43204,1.42894
0.476,1.28075,1.42263
0.477,1.49181,1.42558
0.478,1.3987,1.42443
0.479,1.32423,1.42017
0.48,1.24263,1.41262
0.481,1.2827,1.40709
0.482,1.72812,1.42075
0.483,1.26185,1.41399
0.484,1.79737,1.4303
0.485,1.77047,1.44477
0.486,1.09385,1.42984
0.487,1.48829,1.43233
0.488,1.13087,1.4195
0.489,1.16765,1.40879
0.49,1.11443,1.39627
0.491,1.33007,1.39345
0.492,1.23141,1.38656
0.493,1.50966,1.39179
0.494,1.43734,1.39373
0.495,1.43437,1.39546
0.496,1.1482,1.38494
0.497,1.33731,1.38291
0.498,1.469,1.38658
0.499,1.45169,1.38935
0.5,1.10868,1.37741
0.501,1.23316,1.37127
0.502,1.81407,1.39011
0.503,1.78074,1.40673
0.504,1.34892,1.40427
0.505,1.07776,1.39038
0.506,1.39723,1.39067
0.507,1.76208,1.40647
0.508,1.45165,1.40839
0.509,1.65035,1.41869
0.51,1.70912,1.43104
0.511,0.813547,1.40477
0.512,1.34531,1.40224
0.513,0.848472,1.37868
0.514,1.16084,1.36941
0.515,0.996961,1.35357
0.516,1.51577,1.36047
0.517,1.04962,1.34725
0.518,1.13355,1.33815
0.519,0.970538,1.32251
0.52,1.42699,1.32696
0.521,1.60039,1.33859
0.522,1.00066,1.32422
0.523,1.32712,1.32434
0.524,1.28928,1.32285
0.525,1.13397,1.31481
0.526,0.74294,1.29048
0.527,1.73983,1.3096
0.528,1.50831,1.31805
0.529,1.21928,1.31385
0.53,1.26952,1.31196
0.531,1.67006,1.3272
0.532,1.14789,1.31957
0.533,0.763292,1.2959
0.534,1.59884,1.30879
0.535,0.947275,1.29341
0.536,1.10668,1.28547
0.537,0.892601,1.26875
0.538,1.21482,1.26646
0.539,1.29015,1.26747
0.54,0.969833,1.25481
0.541,1.37233,1.25981
0.542,1.62215,1.27522
0.543,1.42335,1.28152
0.544,1.31027,1.28275
0.545,1.09394,1.27471
0.546,1.55655,1.2867
0.547,1.18291,1.28229
0.548,1.16108,1.27713
0.549,1.05068,1.2675
0.55,1.5971,1.28152
0.551,1.25795,1.28052
0.552,1.40564,1.28584
0.553,1.2315,1.28353
0.554,1.40888,1.28886
0.555,0.607242,1.25986
0.556,0.903605,1.24471
0.557,1.09698,1.23842
0.558,0.791785,1.21942
0.559,1.31283,1.22339
0.56,1.232,1.22376
0.561,1.13568,1.22001
0.562,1.12762,1.21608
0.563,1.26078,1.21798
0.564,1.04511,1.21063
0.565,0.733837,1.19034
0.566,0.743738,1.17134
0.567,0.903196,1.15994
0.568,0.728847,1.1416
0.569,0.884579,1.13066
0.57,1.68225,1.15413
0.571,1.50271,1.16896
0.572,0.951014,1.15969
0.573,1.16052,1.15972
0.574,1.51255,1.17473
0.575,1.51307,1.18913
0.576,1.16333,1.18803
0.577,1.5632,1.20399
0.578,0.98448,1.19465
0.579,1.22375,1.19589
0.58,1.48957,1.20838
0.581,1.39168,1.21618
0.582,1.20718,1.2158
0.583,1.36218,1.22203
0.584,1.13753,1.21843
0.585,1.27423,1.2208
0.586,1.48768,1.23216
0.587,0.780943,1.21296
0.588,0.564932,1.18539
0.589,1.1982,1.18594
0.59,1.53494,1.20079
0.591,1.22654,1.20188
0.592,0.981817,1.19252
0.593,0.970721,1.18308
0.594,0.857366,1.16923
0.595,1.07575,1.16525
0.596,0.97393,1.15711
0.597,1.22423,1.15997
0.598,1.27442,1.16483
0.599,1.07304,1.16093
0.6,0.963947,1.15255
0.601,1.38294,1.16235
0.602,0.953488,1.15346
0.603,1.45734,1.16639
0.604,1.00042,1.15933
0.605,1.16729,1.15967
0.606,0.727411,1.14128
0.607,1.11637,1.14022
0.608,1.43725,1.15286
0.609,0.837819,1.13945
0.61,1.76445,1.16604
0.611,1.40915,1.17639
0.612,0.41808,1.14412
0.613,1.3234,1.15175
0.614,0.914773,1.14167
0.615,0.840111,1.12884
0.616,1.33228,1.1375
0.617,0.558206,1.11285
0.618,0.985102,1.10742
0.619,1.19715,1.11123
0.62,1.59266,1.13171
0.621,1.05492,1.12845
0.622,1.25023,1.13363
0.623,1.11219,1.13272
0.624,1.31625,1.14052
0.625,1.17617,1.14204
0.626,0.937099,1.13332
0.627,1.29489,1.1402
0.628,0.90937,1.13038
0.629,0.726234,1.11318
0.63,1.31663,1.12184
0.631,1.2728,1.12826
0.632,1.42273,1.14079
0.633,1.09522,1.13885
0.634,1.03346,1.13437
0.635,1.04016,1.13036
0.636,1.32504,1.13864
0.637,1.19833,1.14118
0.638,0.914173,1.13152
0.639,1.56935,1.15015
0.64,1.04251,1.14557
0.641,1.27058,1.15089
0.642,1.35401,1.15953
0.643,0.785562,1.14362
0.644,1.04518,1.13943
0.645,1.20771,1.14234
0.646,1.27918,1.14816
0.647,0.789807,1.13291
0.648,0.982828,1.12653
0.649,1.32767,1.13508
0.65,1.48201,1.14984
0.651,1.1589,1.15023
0.652,0.81922,1.13615
0.653,0.876022,1.12508
0.654,1.11734,1.12475
0.655,0.717381,1.10742
0.656,1.15651,1.10951
0.657,0.858022,1.09881
0.658,1.49394,1.11562
0.659,1.50748,1.13229
0.66,1.27746,1.13847
0.661,1.18107,1.14028
0.662,0.952446,1.13229
0.663,1.20828,1.13552
0.664,1.38915,1.14631
0.665,0.640955,1.12481
0.666,1.0776,1.1228
0.667,1.0963,1.12168
0.668,0.995065,1.11629
0.669,1.43145,1.1297
0.67,0.714619,1.11204
0.671,1.09479,1.1113
0.672,0.949503,1.10442
0.673,1.18851,1.108
0.674,0.797455,1.09479
0.675,1.36457,1.10626
0.676,1.16439,1.10874
0.677,1.27808,1.11594
0.678,0.898563,1.10669
0.679,1.24382,1.11253
0.68,0.77632,1.09822
0.681,0.827124,1.08669
0.682,0.706697,1.07052
0.683,1.24534,1.07796
0.684,0.793428,1.06586
0.685,1.29087,1.07543
0.686,0.972554,1.07105
0.687,1.12169,1.07321
0.688,1.15649,1.07675
0.689,0.768469,1.06363
0.69,1.34057,1.07542
0.691,0.784325,1.06303
0.692,0.960896,1.05869
0.693,1.12682,1.06159
0.694,1.23375,1.06891
0.695,0.819835,1.05831
0.696,0.870692,1.05033
0.697,0.887928,1.04342
0.698,0.499477,1.02028
0.699,0.830283,1.0122
0.7,0.38915,0.985691
0.701,1.25987,0.997356
0.702,0.702238,0.984801
0.703,0.818118,0.977709
0.704,1.20214,0.987257
0.705,1.15192,0.994263
0.706,0.852744,0.988242
0.707,1.08904,0.99253
0.708,1.06388,0.995566
0.709,0.714366,0.983602
0.71,1.35815,0.999537
0.711,0.925929,0.996405
0.712,0.772705,0.986888
0.713,1.38433,1.0038
0.714,1.0891,1.00743
0.715,1.28386,1.01919
0.716,1.00573,1.01861
0.717,0.7548,1.00739
0.718,1.15989,1.01388
0.719,1.18427,1.02113
0.72,1.17733,1.02777
0.721,1.05717,1.02902
0.722,0.467468,1.00513
0.723,1.16871,1.01209
0.724,0.838623,1.00471
0.725,0.963882,1.00297
0.726,1.30002,1.01561
0.727,0.86811,1.00934
0.728,0.736348,0.997723
0.729,1.01539,0.998475
0.73,1.34404,1.01318
0.731,0.867659,1.00699
0.732,0.96891,1.00537
0.733,1.00496,1.00535
0.734,1.58041,1.02981
0.735,1.11304,1.03335
0.736,1.15256,1.03843
0.737,1.28282,1.04882
0.738,0.989638,1.04631
0.739,1.43322,1.06277
0.74,1.54812,1.08341
0.741,1.00169,1.07994
0.742,0.528668,1.05649
0.743,0.797829,1.04548
0.744,1.45424,1.06287
0.745,0.762894,1.05011
0.746,0.60486,1.03117
0.747,1.27571,1.04157
0.748,1.00936,1.0402
0.749,0.886166,1.03365
0.75,0.972904,1.03106
0.751,0.968758,1.02841
0.752,1.48537,1.04785
0.753,1.11316,1.05063
0.754,0.898705,1.04417
0.755,1.05697,1.04471
0.756,1.05779,1.04527
0.757,0.894761,1.03887
0.758,0.975374,1.03616
0.759,1.08267,1.03814
0.76,1.13467,1.04225
0.761,1.17784,1.04802
0.762,0.981111,1.04517
0.763,0.616983,1.02695
0.764,0.854882,1.01963
0.765,1.0631,1.02148
0.766,1.42891,1.03882
0.767,0.893334,1.03263
0.768,1.43208,1.04962
0.769,0.330559,1.01903
0.77,0.89576,1.01379
0.771,0.955823,1.01132
0.772,0.897161,1.00646
0.773,0.920831,1.00282
0.774,1.24332,1.01305
0.775,1.16702,1.0196
0.776,0.713807,1.00659
0.777,1.63902,1.0335
0.778,1.06051,1.03465
0.779,0.998087,1.03309
0.78,0.750049,1.02105
0.781,1.09186,1.02406
0.782,1.25187,1.03375
0.783,1.34872,1.04715
0.784,1.00637,1.04542
0.785,0.959607,1.04177
0.786,0.930073,1.03702
0.787,0.7928,1.02663
0.788,1.14331,1.03159
0.789,1.17439,1.03767
0.79,0.933371,1.03323
0.791,1.05909,1.03433
0.792,0.834363,1.02582
0.793,1.22137,1.03414
0.794,1.13196,1.0383
0.795,0.834833,1.02965
0.796,1.00891,1.02876
0.797,1.13169,1.03314
0.798,1.2869,1.04394
0.799,1.37257,1.05792
0.8,0.896515,1.05105
0.801,1.25871,1.05989
0.802,1.11246,1.06212
0.803,0.89409,1.05498
0.804,1.23174,1.0625
0.805,1.14435,1.06598
0.806,1.2309,1.073
0.807,1.30356,1.0828
0.808,0.635169,1.06376
0.809,1.16425,1.06804
0.81,0.994444,1.0649
0.811,1.14249,1.06821
0.812,1.39028,1.08191
0.813,0.996241,1.07826
0.814,0.863996,1.06915
0.815,0.790395,1.05729
0.816,0.646159,1.0398
0.817,1.23775,1.04822
0.818,1.339,1.06059
0.819,0.520743,1.03762
0.82,1.00698,1.03632
0.821,1.36361,1.05024
0.822,0.790344,1.03919
0.823,0.987316,1.03698
0.824,1.09354,1.03939
0.825,1.26797,1.04911
0.826,0.892373,1.04244
0.827,1.18884,1.04867
0.828,1.03544,1.04811
0.829,0.871001,1.04057
0.83,1.08457,1.04244
0.831,0.64724,1.02563
0.832,0.943768,1.02215
0.833,0.880837,1.01614
0.834,0.783495,1.00624
0.835,1.19528,1.01428
0.836,0.577821,0.995713
0.837,1.4094,1.01331
0.838,0.7042,1.00016
0.839,1.04736,1.00217
0.84,0.839816,0.995263
0.841,0.85273,0.989199
0.842,1.0765,0.992913
0.843,1.05281,0.995461
0.844,0.623003,0.979616
0.845,0.969786,0.979198
0.846,1.08282,0.983606
0.847,1.45461,1.00364
0.848,1.38673,1.01994
0.849,0.883443,1.01414
0.85,1.04823,1.01559
0.851,1.16413,1.02191
0.852,0.759587,1.01075
0.853,0.904179,1.00621
0.854,1.13828,1.01183
0.855,1.28879,1.02361
0.856,0.920586,1.01923
0.857,1.29287,1.03087
0.858,1.13348,1.03524
0.859,1.24112,1.044
0.86,1.29979,1.05488
0.861,0.734989,1.04127
0.862,1.06608,1.04232
0.863,1.18121,1.04823
0.864,0.797274,1.03756
0.865,1.33062,1.05002
0.866,1.20839,1.05676
0.867,1.0641,1.05707
0.868,1.22153,1.06407
0.869,0.883213,1.05638
0.87,0.88587,1.04912
0.871,1.20328,1.05568
0.872,1.10162,1.05764
0.873,1.55303,1.07871
0.874,1.49843,1.09657
0.875,1.12646,1.09784
0.876,1.01808,1.09445
0.877,0.776674,1.08093
0.878,0.852266,1.0712
0.879,1.15602,1.07481
0.88,1.47174,1.09169
0.881,0.790443,1.07888
0.882,1.17797,1.08309
0.883,0.719168,1.06761
0.884,1.28964,1.07706
0.885,0.679924,1.06016
0.886,1.56746,1.08174
0.887,0.92926,1.07526
0.888,1.12494,1.07737
0.889,0.818096,1.06634
0.89,1.08698,1.06722
0.891,0.51963,1.04392
0.892,0.959338,1.04032
0.893,1.02837,1.03981
0.894,0.930169,1.03515
0.895,1.05058,1.03581
0.896,0.992376,1.03396
0.897,0.864221,1.02674
0.898,0.941424,1.02311
0.899,0.627804,1.00629
0.9,1.06353,1.00873
0.901,1.09778,1.01251
0.902,1.07392,1.01513
0.903,1.20787,1.02333
0.904,1.05221,1.02456
0.905,0.411446,0.998471
0.906,0.978447,0.997619
0.907,1.22475,1.00728
0.908,1.52998,1.02952
0.909,1.19124,1.0364
0.91,1.34344,1.04946
0.911,1.092,1.05127
0.912,0.732079,1.03769
0.913,0.574446,1.01798
0.914,1.25971,1.02827
0.915,1.3451,1.04175
0.916,1.35311,1.05499
0.917,0.733399,1.04131
0.918,1.24486,1.04997
0.919,1.36746,1.06348
0.92,1.049,1.06286
0.921,1.24874,1.07077
0.922,1.27427,1.07943
0.923,1.15249,1.08254
0.924,1.19056,1.08713
0.925,1.41163,1.10094
0.926,0.89632,1.09223
0.927,1.24241,1.09862
0.928,1.29836,1.10712
0.929,0.898367,1.09824
0.93,1.13163,1.09966
0.931,1.06978,1.09839
0.932,0.785431,1.08507
0.933,1.31583,1.09489
0.934,1.01672,1.09156
0.935,1.01323,1.08823
0.936,0.882007,1.07946
0.937,0.749609,1.06543
0.938,0.866548,1.05696
0.939,0.673215,1.04064
0.94,1.04237,1.04071
0.941,0.919232,1.03554
0.942,0.754433,1.02358
0.943,1.06286,1.02526
0.944,1.18181,1.03192
0.945,1.34243,1.04513
0.946,1.12427,1.04849
0.947,0.845162,1.03984
0.948,1.38439,1.0545
0.949,1.12641,1.05756
0.95,1.28684,1.06731
0.951,1.08372,1.06801
0.952,1.04989,1.06724
0.953,1.17377,1.07177
0.954,0.874771,1.06339
0.955,1.46268,1.08038
0.956,1.41653,1.09468
0.957,1.19287,1.09886
0.958,1.50961,1.11633
0.959,1.29612,1.12398
0.96,1.15674,1.12537
0.961,0.829813,1.1128
0.962,1.02834,1.10921
0.963,1.34126,1.11908
0.964,1.28023,1.12594
0.965,0.576705,1.10257
0.966,0.575786,1.08016
0.967,1.06411,1.07948
0.968,1.08225,1.07959
0.969,1.40618,1.09349
0.97,1.48505,1.11015
0.971,1.12059,1.11059
0.972,1.52576,1.12825
0.973,1.24512,1.13322
0.974,1.10277,1.13193
0.975,0.922046,1.123
0.976,1.00334,1.11791
0.977,1.38489,1.12927
0.978,1.54811,1.14709
0.979,1.10779,1.14542
0.98,0.783923,1.13004
0.981,0.782842,1.11527
0.982,0.961464,1.10872
0.983,0.488258,1.08233
0.984,1.19899,1.08729
0.985,1.52404,1.10587
0.986,1.1768,1.10889
0.987,1.26729,1.11563
0.988,1.34022,1.12518
0.989,1.22745,1.12953
0.99,1.38586,1.14044
0.991,1.15851,1.14121
0.992,1.23965,1.14539
0.993,1.24869,1.14979
0.994,0.780343,1.13407
0.995,1.30716,1.14144
0.996,1.04187,1.1372
0.997,0.732905,1.12
0.998,1.12006,1.12
0.999,1.09264,1.11884
1,0.557377,1.09495
1.001,1.12249,1.09612
1.002,1.22686,1.10169
1.003,1.79,1.13097
1.004,1.04825,1.12745
1.005,0.796264,1.11336
1.006,1.42829,1.12676
1.007,1.24633,1.13184
1.008,1.08303,1.12977
1.009,1.65624,1.15217
1.01,1.3553,1.16081
1.011,1.46212,1.17363
1.012,1.2756,1.17796
1.013,1.49957,1.19165
1.014,1.49888,1.20472
1.015,1.23454,1.20599
1.016,1.5913,1.22238
1.017,1.10164,1.21724
1.018,1.05014,1.21013
1.019,1.34485,1.21586
1.02,1.1605,1.21351
1.021,0.847128,1.19792
1.022,1.31989,1.20311
1.023,1.09987,1.19872
1.024,0.812186,1.18227
1.025,1.15811,1.18125
1.026,1.32403,1.18732
1.027,1.07812,1.18267
1.028,0.839872,1.16809
1.029,1.42,1.17881
1.03,1.02426,1.17223
1.031,1.41402,1.18252
1.032,1.05116,1.17693
1.033,1.67287,1.19803
1.034,1.54069,1.21261
1.035,1.17523,1.21102
1.036,1.29918,1.21477
1.037,1.48953,1.22646
1.038,1.20376,1.22549
1.039,1.31713,1.22939
1.04,1.09078,1.22349
1.041,1.15949,1.22077
1.042,1.47662,1.23166
1.043,1.37576,1.23779
1.044,1.29851,1.24037
1.045,1.56445,1.25416
1.046,1.1349,1.24908
1.047,1.43185,1.25686
1.048,1.01533,1.24658
1.049,1.5036,1.25752
1.05,1.57545,1.27104
1.051,0.895195,1.25505
1.052,1.45845,1.26371
1.053,1.41746,1.27025
1.054,1.21254,1.26779
1.055,1.59093,1.28154
1.056,1.05094,1.27173
1.057,1.39923,1.27715
1.058,1.58064,1.29007
1.059,1.08338,1.28127
1.06,1.51108,1.29105
1.061,1.4634,1.29838
1.062,1.52602,1.30807
1.063,1.32961,1.30898
1.064,1.32982,1.30987
1.065,1.74942,1.32857
1.066,1.21661,1.32381
1.067,1.23718,1.32012
1.068,1.12817,1.31195
1.069,1.70562,1.3287
1.07,0.936788,1.31203
1.071,1.40313,1.3159
1.072,1.62281,1.32896
1.073,1.31383,1.32832
1.074,1.59512,1.33967
1.075,1.37282,1.34108
1.076,1.36886,1.34226
1.077,1.80202,1.36182
1.078,1.46478,1.3662
1.079,1.67851,1.37949
1.08,1.41048,1.38081
1.081,1.15884,1.37136
1.082,1.74405,1.38722
1.083,1.84343,1.40663
1.084,1.43811,1.40797
1.085,1.32827,1.40458
1.086,1.38964,1.40394
1.087,1.53398,1.40947
1.088,1.33987,1.40651
1.089,1.17807,1.39679
1.09,1.2111,1.38889
1.091,1.44402,1.39124
1.092,0.977215,1.37362
1.093,1.3815,1.37396
1.094,1.52457,1.38037
1.095,1.59018,1.38929
1.096,1.76434,1.40525
1.097,1.53922,1.41095
1.098,1.17165,1.40077
1.099,0.81209,1.37572
1.1,1.18916,1.36779
1.101,1.15589,1.35877
1.102,1.38755,1.36
1.103,1.73062,1.37576
1.104,1.59825,1.38523
1.105,1.35046,1.38375
1.106,1.68637,1.39662
1.107,1.38316,1.39605
1.108,1.31232,1.39249
1.109,1.81771,1.41058
1.11,1.22518,1.40269
1.111,1.54688,1.40883
1.112,1.41458,1.40907
1.113,1.45459,1.41101
1.114,1.52445,1.41583
1.115,1.50146,1.41948
1.116,1.2926,1.41408
1.117,1.62068,1.42287
1.118,1.49204,1.42581
1.119,1.09227,1.41162
1.12,1.38811,1.41062
1.121,1.54706,1.41643
1.122,1.74881,1.43057
1.123,1.43378,1.4307
1.124,1.45724,1.43183
1.125,1.90423,1.45193
1.126,1.65177,1.46043
1.127,1.75195,1.47283
1.128,1.26193,1.46386
1.129,1.64496,1.47157
1.13,1.58412,1.47635
1.131,1.6006,1.48164
1.132,1.32039,1.47478
1.133,1.5812,1.47931
1.134,1.08071,1.46235
1.135,1.52362,1.46496
1.136,1.55097,1.46862
1.137,1.43093,1.46701
1.138,1.43853,1.4658
1.139,1.36853,1.46166
1.14,1.3822,1.45828
1.141,1.54094,1.4618
1.142,1.45513,1.46151
1.143,1.30934,1.45504
1.144,1.02881,1.43691
1.145,1.63213,1.44521
1.146,1.86732,1.46317
1.147,1.46253,1.46314
1.148,1.45901,1.46297
1.149,1.42476,1.46134
1.15,1.64775,1.46927
1.151,1.62985,1.4761
1.152,1.60266,1.48149
1.153,2.23025,1.51334
1.154,1.5866,1.51646
1.155,1.69577,1.52409
1.156,1.70479,1.53178
1.157,1.83369,1.54462
1.158,1.70702,1.55153
1.159,2.11443,1.57548
1.16,1.49844,1.5722
1.161,1.8891,1.58568
1.162,1.66342,1.58899
1.163,1.75137,1.5959
1.164,1.26033,1.58162
1.165,1.50461,1.57834
1.166,1.43189,1.57211
1.167,1.75841,1.58004
1.168,1.55924,1.57915
1.169,1.96647,1.59563
1.17,1.4056,1.58755
1.171,1.51143,1.58431
1.172,1.28263,1.57148
1.173,1.98227,1.58895
1.174,1.48878,1.58469
1.175,1.72561,1.59069
1.176,1.7448,1.59724
1.177,1.59468,1.59713
1.178,1.59915,1.59722
1.179,1.58884,1.59686
1.18,1.28046,1.5834
1.181,1.9607,1.59945
1.182,1.09007,1.57778
1.183,1.82424,1.58827
1.184,1.80731,1.59759
1.185,1.37681,1.58819
1.186,1.71292,1.5935
1.187,1.75337,1.6003
1.188,1.83414,1.61025
1.189,1.57463,1.60873
1.19,1.41673,1.60057
1.191,1.8739,1.61219
1.192,2.36797,1.64435
1.193,1.93742,1.65682
1.194,1.9413,1.66892
1.195,1.47465,1.66065
1.196,1.55132,1.656
1.197,1.49695,1.64924
1.198,1.6676,1.65002
1.199,2.02123,1.66581
1.2,1.81462,1.67214
1.201,1.51253,1.66535
1.202,1.70921,1.66722
1.203,1.43483,1.65733
1.204,1.48427,1.64997
1.205,1.67709,1.65112
1.206,1.75287,1.65545
1.207,1.42189,1.64551
1.208,1.27445,1.62973
1.209,1.70752,1.63304
1.21,1.87073,1.64315
1.211,2.15865,1.66508
1.212,1.37751,1.65285
1.213,1.66985,1.65357
1.214,1.85606,1.66218
1.215,1.42046,1.6519
1.216,1.62361,1.6507
1.217,1.61905,1.64935
1.218,1.82158,1.65668
1.219,1.28015,1.64066
1.22,1.81781,1.6482
1.221,2.03858,1.6648
1.222,2.27174,1.69062
1.223,1.87854,1.69862
1.224,1.95711,1.70962
1.225,1.59423,1.70471
1.226,1.51987,1.69684
1.227,2.03823,1.71137
1.228,1.80862,1.7155
1.229,2.21644,1.73682
1.23,1.8218,1.74043
1.231,1.76232,1.74136
1.232,1.88531,1.74749
1.233,1.34968,1.73056
1.234,2.02094,1.74292
1.235,1.82194,1.74628
1.236,1.78268,1.74783
1.237,1.45223,1.73525
1.238,1.80496,1.73822
1.239,1.66157,1.73496
1.24,1.61384,1.7298
1.241,1.89802,1.73696
1.242,2.15403,1.7547
1.243,1.99588,1.76496
1.244,2.16783,1.7821
1.245,2.16208,1.79827
1.246,1.58949,1.78939
1.247,1.64697,1.78333
1.248,1.92194,1.78922
1.249,2.14646,1.80442
1.25,1.36088,1.78555
1.251,1.44191,1.77093
1.252,2.00298,1.78081
1.253,1.96278,1.78855
1.254,1.17951,1.76264
1.255,1.64351,1.75757
1.256,1.42106,1.74325
1.257,1.76292,1.74409
1.258,1.6631,1.74064
1.259,2.20112,1.76023
1.26,1.82452,1.76297
1.261,1.80604,1.7648
1.262,1.32514,1.7461
1.263,1.798,1.7483
1.264,1.89183,1.75441
1.265,1.52059,1.74446
1.266,1.6445,1.74021
1.267,1.71516,1.73914
1.268,1.85226,1.74396
1.269,1.80307,1.74647
1.27,1.51288,1.73653
1.271,1.7741,1.73813
1.272,2.02721,1.75043
1.273,1.95333,1.75906
1.274,1.56279,1.75071
1.275,2.23304,1.77123
1.276,1.94361,1.77857
1.277,1.69135,1.77486
1.278,2.0475,1.78645
1.279,1.89572,1.7911
1.28,1.51932,1.77954
1.281,1.64033,1.77362
1.282,1.51986,1.76282
1.283,2.13828,1.7788
1.284,1.64478,1.77309
1.285,1.97422,1.78165
1.286,1.97814,1.79001
1.287,1.75636,1.78858
1.288,1.56438,1.77904
1.289,2.05589,1.79082
1.29,1.9465,1.79744
1.291,1.9511,1.80398
1.292,1.87323,1.80692
1.293,2.07454,1.81831
1.294,1.84565,1.81947
1.295,1.69061,1.81399
1.296,2.11589,1.82683
1.297,1.99314,1.83391
1.298,1.91172,1.83722
1.299,1.98941,1.84369
1.3,1.38388,1.82413
1.301,2.24702,1.84212
1.302,2.08724,1.85255
1.303,1.8021,1.85041
1.304,2.06401,1.85949
1.305,1.74953,1.85481
1.306,2.12257,1.86621
1.307,1.82609,1.8645
1.308,1.89937,1.86598
1.309,2.29177,1.8841
1.31,1.5885,1.87152
1.311,2.55438,1.90057
1.312,1.98321,1.90409
1.313,2.1978,1.91658
1.314,1.8566,1.91403
1.315,2.04679,1.91968
1.316,1.89023,1.91843
1.317,1.83166,1.91474
1.318,1.89894,1.91406
1.319,1.81698,1.90993
1.32,2.14705,1.92002
1.321,1.89058,1.91877
1.322,2.06996,1.9252
1.323,1.82942,1.92113
1.324,1.9372,1.92181
1.325,1.99759,1.92503
1.326,1.77079,1.91847
1.327,2.04378,1.9238
1.328,2.20502,1.93577
1.329,2.09305,1.94246
1.33,2.10342,1.94931
1.331,1.79548,1.94276
1.332,1.76247,1.93509
1.333,2.18952,1.94592
1.334,2.06491,1.95098
1.335,1.89134,1.94844
1.336,2.137,1.95646
1.337,1.9666,1.95689
1.338,2.0995,1.96296
1.339,1.7746,1.95495
1.34,2.02954,1.95812
1.341,1.9023,1.95575
1.342,2.0966,1.96174
1.343,2.18379,1.97119
1.344,1.85527,1.96625
1.345,2.51393,1.98955
1.346,2.28935,2.00231
1.347,2.05837,2.00469
1.348,2.05913,2.00701
1.349,1.92475,2.00351
1.35,2.26423,2.0146
1.351,1.95118,2.0119
1.352,2.13473,2.01713
1.353,2.25615,2.0273
1.354,2.53148,2.04875
1.355,2.34775,2.06147
1.356,2.02681,2.05999
1.357,1.89884,2.05314
1.358,2.16928,2.05808
1.359,2.18206,2.06335
1.36,2.06682,2.0635
1.361,2.35528,2.07591
1.362,2.25686,2.08361
1.363,2.28576,2.09221
1.364,2.27324,2.09991
1.365,2.0432,2.0975
1.366,2.86792,2.13028
1.367,2.14559,2.13093
1.368,2.26499,2.13663
1.369,2.1321,2.13644
1.37,2.07437,2.1338
1.371,1.86984,2.12257
1.372,2.02111,2.11825
1.373,2.13608,2.11901
1.374,2.03984,2.11564
1.375,2.3524,2.12572
1.376,2.03735,2.12196
1.377,2.06058,2.11935
1.378,1.84736,2.10777
1.379,2.00962,2.1036
1.38,2.13579,2.10497
1.381,2.19941,2.10899
1.382,2.37887,2.12047
1.383,2.12339,2.12059
1.384,2.09691,2.11958
1.385,2.3564,2.12966
1.386,2.12416,2.12943
1.387,1.80046,2.11543
1.388,2.42525,2.12861
1.389,2.45492,2.14249
1.39,2.17077,2.1437
1.391,2.05747,2.14003
1.392,2.12936,2.13957
1.393,1.81625,2.12582
1.394,2.13411,2.12617
1.395,2.57821,2.1454
1.396,2.94253,2.17931
1.397,2.48489,2.19232
1.398,1.89336,2.1796
1.399,1.81637,2.16414
1.4,1.89858,2.15285
1.401,2.956,2.18701
1.402,2.52968,2.20159
1.403,2.34954,2.20789
1.404,2.33584,2.21333
1.405,2.46237,2.22393
1.406,2.79278,2.24813
1.407,2.20085,2.24612
1.408,2.81778,2.27044
1.409,2.54952,2.28231
1.41,2.25898,2.28132
1.411,2.4933,2.29034
1.412,2.30103,2.29079
1.413,2.56857,2.30261
1.414,2.39264,2.30644
1.415,2.66515,2.3217
1.416,1.83653,2.30106
1.417,2.89228,2.32621
1.418,2.33216,2.32646
1.419,2.22361,2.32209
1.42,2.50844,2.33002
1.421,1.78755,2.30694
1.422,2.65987,2.32195
1.423,2.4498,2.32739
1.424,2.10244,2.31782
1.425,2.53503,2.32706
1.426,2.2643,2.32439
1.427,2.37203,2.32642
1.428,2.7462,2.34428
1.429,1.83706,2.3227
1.43,2.13023,2.31451
1.431,2.72924,2.33215
1.432,2.83631,2.3536
1.433,2.51846,2.36062
1.434,2.17392,2.35267
1.435,2.2541,2.34848
1.436,2.49944,2.3549
1.437,2.26373,2.35102
1.438,2.38114,2.35231
1.439,2.24593,2.34778
1.44,2.50329,2.3544
1.441,2.39643,2.35618
1.442,2.33042,2.35509
1.443,2.57735,2.36454
1.444,3.26936,2.40304
1.445,2.2568,2.39682
1.446,2.62277,2.40643
1.447,2.6476,2.41669
1.448,2.5295,2.42149
1.449,3.21904,2.45542
1.45,2.41894,2.45387
1.451,2.53432,2.45729
1.452,2.47159,2.4579
1.453,2.05555,2.44078
1.454,2.39847,2.43898
1.455,2.41915,2.43814
1.456,2.71092,2.44974
1.457,2.85918,2.46716
1.458,2.5789,2.47191
1.459,2.69122,2.48124
1.46,2.86008,2.49736
1.461,2.34149,2.49073
1.462,2.50819,2.49147
1.463,2.30138,2.48339
1.464,2.78098,2.49605
1.465,2.71918,2.50554
1.466,2.60759,2.50988
1.467,2.97199,2.52954
1.468,2.79308,2.54075
1.469,2.27598,2.52949
1.47,2.6222,2.53343
1.471,2.10272,2.51511
1.472,2.64019,2.52043
1.473,2.80141,2.53238
1.474,2.74777,2.54155
1.475,2.87809,2.55586
1.476,2.74756,2.56402
1.477,3.05682,2.58499
1.478,2.27696,2.57188
1.479,2.94501,2.58775
1.48,2.76548,2.59532
1.481,2.54813,2.59331
1.482,2.58146,2.5928
1.483,3.06371,2.61284
1.484,2.43755,2.60538
1.485,2.3268,2.59353
1.486,2.85443,2.60463
1.487,2.73578,2.61021
1.488,2.55777,2.60798
1.489,2.29687,2.59474
1.49,2.78642,2.6029
1.491,2.33826,2.59164
1.492,2.5281,2.58893
1.493,2.78261,2.59717
1.494,2.73575,2.60307
1.495,2.9192,2.61652
1.496,2.17704,2.59782
1.497,2.82654,2.60755
1.498,2.45447,2.60104
1.499,2.50365,2.5969
1.5,2.74852,2.60335
1.501,2.59967,2.60319
1.502,3.08632,2.62374
1.503,3.01698,2.64047
1.504,2.78675,2.6467
1.505,2.83976,2.65491
1.506,3.19313,2.67781
1.507,2.86964,2.68597
1.508,2.88068,2.69425
1.509,2.93283,2.7044
1.51,2.61698,2.70068
1.511,2.69707,2.70053
1.512,2.75994,2.70306
1.513,2.51773,2.69517
1.514,2.7909,2.69925
1.515,2.57415,2.69392
1.516,2.63023,2.69121
1.517,3.25734,2.7153
1.518,2.66092,2.71299
1.519,3.29807,2.73788
1.52,2.5385,2.72939
1.521,2.84686,2.73439
1.522,2.94043,2.74316
1.523,2.50202,2.7329
1.524,2.55644,2.72539
1.525,2.75139,2.7265
1.526,2.77072,2.72838
1.527,2.88183,2.73491
1.528,2.87477,2.74086
1.529,2.66555,2.73765
1.53,3.24368,2.75918
1.531,2.77809,2.75999
1.532,2.91819,2.76672
1.533,3.15606,2.78328
1.534,2.40302,2.7671
1.535,2.89117,2.77238
1.536,2.83072,2.77486
1.537,2.86174,2.77856
1.538,2.94845,2.78579
1.539,3.00027,2.79491
1.54,2.68887,2.7904
1.541,2.83643,2.79236
1.542,2.97341,2.80006
1.543,3.01612,2.80925
1.544,3.11042,2.82206
1.545,2.73645,2.81842
1.546,2.87724,2.82092
1.547,3.45421,2.84787
1.548,2.98078,2.85352
1.549,3.22159,2.86918
1.55,2.47865,2.85257
1.551,2.90719,2.85489
1.552,2.94952,2.85892
1.553,2.72792,2.85334
1.554,2.99775,2.85949
1.555,2.87914,2.86032
1.556,2.64642,2.85122
1.557,2.85062,2.8512
1.558,3.12148,2.86269
1.559,3.22256,2.878
1.56,3.01007,2.88362
1.561,2.97434,2.88748
1.562,2.72758,2.88068
1.563,3.05687,2.88818
1.564,2.47027,2.8704
1.565,2.86817,2.8703
1.566,3.23763,2.88593
1.567,3.39336,2.90752
1.568,2.74706,2.90069
1.569,2.78615,2.89582
1.57,3.26336,2.91145
1.571,2.54856,2.89602
1.572,3.21836,2.90973
1.573,2.78056,2.90423
1.574,3.03617,2.90985
1.575,3.17547,2.92115
1.576,3.17415,2.93191
1.577,3.1047,2.93926
1.578,3.0663,2.94467
1.579,3.34465,2.96168
1.58,3.27416,2.97498
1.581,3.23176,2.9859
1.582,3.31343,2.99984
1.583,2.87016,2.99432
1.584,2.51218,2.97381
1.585,2.96551,2.97345
1.586,2.58873,2.95709
1.587,3.0129,2.95946
1.588,3.15882,2.96794
1.589,3.10621,2.97382
1.59,2.99842,2.97487
1.591,3.47541,2.99617
1.592,3.50207,3.01769
1.593,2.92744,3.01385
1.594,3.574,3.03768
1.595,3.13627,3.04187
1.596,3.23387,3.05004
1.597,3.23733,3.05801
1.598,2.8482,3.04908
1.599,3.10091,3.05129
1.6,3.13,3.05464
1.601,2.85515,3.04615
1.602,2.93521,3.04143
1.603,3.01821,3.04044
1.604,3.1613,3.04558
1.605,3.17645,3.05115
1.606,2.78369,3.03977
1.607,2.99297,3.03778
1.608,3.08697,3.03987
1.609,3.25137,3.04887
1.61,3.23278,3.0567
1.611,2.95195,3.05224
1.612,3.34602,3.06474
1.613,3.58489,3.08687
1.614,3.21616,3.09237
1.615,2.94542,3.08612
1.616,3.24675,3.09295
1.617,2.95028,3.08688
1.618,3.15627,3.08983
1.619,3.19236,3.09419
1.62,3.18259,3.09795
1.621,3.28226,3.1058
1.622,3.14195,3.10733
1.623,3.39418,3.11954
1.624,3.13889,3.12036
1.625,3.06097,3.11783
1.626,3.81268,3.14739
1.627,2.53595,3.12138
1.628,3.44213,3.13503
1.629,3.01487,3.12992
1.63,3.33243,3.13853
1.631,3.76111,3.16502
1.632,2.43993,3.13417
1.633,3.51283,3.15028
1.634,3.42146,3.16182
1.635,3.0237,3.15594
1.636,3.78617,3.18275
1.637,2.71466,3.16284
1.638,3.29409,3.16842
1.639,4.01262,3.20434
1.64,3.41868,3.21346
1.641,3.12893,3.20986
1.642,3.09935,3.20516
1.643,3.1381,3.20231
1.644,2.90567,3.18969
1.645,3.28417,3.19371
1.646,3.67656,3.21425
1.647,2.9464,3.20285
1.648,3.35528,3.20934
1.649,3.42729,3.21861
1.65,3.16916,3.21651
1.651,3.31561,3.22072
1.652,3.34777,3.22613
1.653,3.0492,3.2186
1.654,3.10077,3.21359
1.655,2.92939,3.2015
1.656,3.31867,3.20648
1.657,3.67703,3.2265
1.658,3.28003,3.22878
1.659,3.24129,3.22931
1.66,3.33465,3.23379
1.661,3.50843,3.24548
1.662,3.62028,3.26142
1.663,3.25336,3.26108
1.664,3.21906,3.25929
1.665,3.79982,3.28229
1.666,2.9377,3.26763
1.667,3.2735,3.26788
1.668,4.02893,3.30025
1.669,3.34867,3.30231
1.67,3.67798,3.3183
1.671,3.8442,3.34067
1.672,3.69509,3.35575
1.673,3.17115,3.34789
1.674,3.30139,3.34592
1.675,3.27322,3.34282
1.676,3.33289,3.3424
1.677,3.68079,3.3568
1.678,3.59941,3.36712
1.679,3.80424,3.38572
1.68,3.37356,3.3852
1.681,3.47112,3.38885
1.682,3.8625,3.409
1.683,4.23322,3.44407
1.684,3.57446,3.44962
1.685,3.36148,3.44587
1.686,3.37948,3.44304
1.687,3.42824,3.44241
1.688,3.42683,3.44175
1.689,3.23054,3.43276
1.69,3.32907,3.42835
1.691,3.22219,3.41958
1.692,3.50466,3.4232
1.693,3.69095,3.43459
1.694,3.34832,3.43092
1.695,3.30367,3.42551
1.696,3.77886,3.44054
1.697,3.6737,3.45046
1.698,3.48867,3.45209
1.699,3.28855,3.44513
1.7,4.19137,3.47688
1.701,3.78904,3.49016
1.702,3.68352,3.49838
1.703,3.515,3.49909
1.704,4.04486,3.52231
1.705,3.85976,3.53667
1.706,3.32509,3.52766
1.707,3.54711,3.52849
1.708,4.05882,3.55105
1.709,4.02441,3.57119
1.71,3.5398,3.56986
1.711,3.54133,3.56864
1.712,3.5198,3.56656
1.713,3.15399,3.54901
1.714,3.89858,3.56388
1.715,3.81624,3.57462
1.716,3.87179,3.58726
1.717,3.47715,3.58258
1.718,3.40466,3.57501
1.719,3.9949,3.59287
1.72,3.50369,3.58908
1.721,3.51225,3.58581
1.722,3.20041,3.56941
1.723,3.1373,3.55103
1.724,3.56652,3.55169
1.725,3.25375,3.53901
1.726,3.59064,3.54121
1.727,3.43291,3.5366
1.728,3.68051,3.54273
1.729,3.32938,3.53365
1.73,3.94598,3.55119
1.731,3.64633,3.55524
1.732,3.5701,3.55587
1.733,3.42818,3.55044
1.734,3.85446,3.56337
1.735,3.78704,3.57289
1.736,3.65479,3.57637
1.737,3.98075,3.59358
1.738,3.49184,3.58925
1.739,3.66616,3.59252
1.74,3.65971,3.59538
1.741,3.59569,3.59539
1.742,3.54556,3.59327
1.743,4.04402,3.61245
1.744,3.39794,3.60332
1.745,3.58869,3.6027
1.746,3.69629,3.60668
1.747,3.41181,3.59839
1.748,3.5757,3.59742
1.749,3.7674,3.60466
1.75,3.8706,3.61597
1.751,3.83877,3.62545
1.752,3.39378,3.61559
1.753,4.16892,3.63913
1.754,3.16231,3.61885
1.755,3.66767,3.62092
1.756,3.95858,3.63529
1.757,3.74727,3.64005
1.758,3.341,3.62733
1.759,3.50121,3.62197
1.76,3.75344,3.62756
1.761,4.04664,3.64539
1.762,3.37145,3.63373
1.763,3.72282,3.63752
1.764,4.04994,3.65507
1.765,4.08723,3.67345
1.766,3.50187,3.66616
1.767,3.78406,3.67117
1.768,4.07001,3.68814
1.769,3.54941,3.68224
1.77,3.71648,3.68369
1.771,3.55671,3.67829
1.772,3.87715,3.68675
1.773,3.37947,3.67368
1.774,3.64181,3.67232
1.775,3.38701,3.66018
1.776,3.87208,3.6692
1.777,4.08459,3.68687
1.778,4.09603,3.70428
1.779,4.00315,3.71699
1.78,3.95576,3.72715
1.781,3.94534,3.73643
1.782,4.18571,3.75555
1.783,3.79145,3.75708
1.784,3.59587,3.75022
1.785,3.6584,3.74631
1.786,4.31992,3.77071
1.787,3.59694,3.76332
1.788,3.70954,3.76103
1.789,3.6576,3.75663
1.79,3.8186,3.75927
1.791,3.84755,3.76302
1.792,3.88933,3.7684
1.793,3.48194,3.75621
1.794,4.24356,3.77695
1.795,3.58164,3.76864
1.796,3.9558,3.7766
1.797,4.24775,3.79664
1.798,3.94982,3.80316
1.799,3.74963,3.80088
1.8,4.13838,3.81524
1.801,3.83416,3.81605
1.802,3.62531,3.80793
1.803,3.83271,3.80899
1.804,4.37826,3.8332
1.805,3.52592,3.82013
1.806,4.01511,3.82843
1.807,4.15143,3.84217
1.808,3.88843,3.84414
1.809,3.72759,3.83918
1.81,4.01394,3.84661
1.811,4.16944,3.86035
1.812,3.87299,3.86089
1.813,3.969,3.86548
1.814,3.95486,3.86929
1.815,4.2388,3.88501
1.816,3.79796,3.8813
1.817,4.24048,3.89658
1.818,3.94419,3.89861
1.819,3.80296,3.89454
1.82,3.61399,3.88261
1.821,4.41829,3.9054
1.822,4.41586,3.92711
1.823,3.94908,3.92805
1.824,3.81336,3.92317
1.825,4.13271,3.93208
1.826,3.47435,3.91261
1.827,4.09926,3.92055
1.828,3.8792,3.91879
1.829,4.51772,3.94427
1.83,3.62064,3.9305
1.831,3.84541,3.92688
1.832,4.04266,3.93181
1.833,4.08541,3.93834
1.834,4.02954,3.94222
1.835,3.60348,3.92781
1.836,4.1784,3.93847
1.837,3.50194,3.9199
1.838,3.91848,3.91984
1.839,4.13217,3.92887
1.84,4.45791,3.95138
1.841,4.33762,3.96781
1.842,4.40101,3.98624
1.843,3.74878,3.97614
1.844,4.20148,3.98573
1.845,3.99937,3.98631
1.846,4.02248,3.98785
1.847,3.87626,3.9831
1.848,4.03277,3.98521
1.849,3.76987,3.97605
1.85,3.97684,3.97608
1.851,3.70778,3.96467
1.852,3.78105,3.95686
1.853,3.84873,3.95226
1.854,4.08331,3.95783
1.855,3.95885,3.95788
1.856,3.91481,3.95604
1.857,4.21838,3.96721
1.858,4.25492,3.97945
1.859,4.06799,3.98321
1.86,4.34645,3.99867
1.861,4.5933,4.02396
1.862,4.10953,4.0276
1.863,3.95613,4.02456
1.864,4.39476,4.04031
1.865,4.10467,4.04305
1.866,4.18471,4.04908
1.867,4.42264,4.06497
1.868,4.06015,4.06477
1.869,4.30729,4.07508
1.87,4.21423,4.081
1.871,4.01075,4.07801
1.872,3.92071,4.07132
1.873,3.97246,4.06712
1.874,3.88075,4.05919
1.875,4.46418,4.07642
1.876,4.52485,4.09549
1.877,4.49412,4.11245
1.878,4.4466,4.12667
1.879,4.28845,4.13355
1.88,4.65847,4.15588
1.881,4.10944,4.15391
1.882,4.35695,4.16255
1.883,4.17394,4.16303
1.884,3.98616,4.15551
1.885,4.44559,4.16785
1.886,4.16183,4.16759
1.887,4.06627,4.16328
1.888,4.09491,4.16037
1.889,3.9282,4.15049
1.89,4.0468,4.14608
1.891,4.33612,4.15417
1.892,4.15342,4.15414
1.893,4.13164,4.15318
1.894,4.36809,4.16232
1.895,4.20839,4.16428
1.896,4.4093,4.17471
1.897,3.9529,4.16527
1.898,4.12884,4.16372
1.899,4.81285,4.19134
1.9,4.43753,4.20181
1.901,4.34947,4.20809
1.902,4.49416,4.22026
1.903,4.29283,4.22335
1.904,3.84957,4.20745
1.905,3.81967,4.19095
1.906,4.32156,4.19651
1.907,4.37874,4.20426
1.908,4.30229,4.20843
1.909,4.07078,4.20257
1.91,3.8185,4.18623
1.911,4.0758,4.18154
1.912,4.14096,4.17981
1.913,4.32935,4.18617
1.914,4.38836,4.19477
1.915,5.114,4.23388
1.916,4.11416,4.22879
1.917,4.3262,4.23293
1.918,4.07131,4.22606
1.919,4.01908,4.21725
1.92,4.17912,4.21563
1.921,4.1088,4.21108
1.922,3.89055,4.19745
1.923,4.50815,4.21066
1.924,4.11073,4.20641
1.925,4.4567,4.21706
1.926,4.39904,4.2248
1.927,4.42983,4.23353
1.928,4.43174,4.24196
1.929,4.57596,4.25617
1.93,4.31665,4.25874
1.931,4.24338,4.25809
1.932,3.70945,4.23475
1.933,4.13435,4.23048
1.934,3.89903,4.21637
1.935,4.12682,4.21256
1.936,4.26529,4.21481
1.937,4.50559,4.22718
1.938,4.62567,4.24413
1.939,4.16519,4.24077
1.94,4.39807,4.24747
1.941,4.86854,4.27389
1.942,4.10783,4.26682
1.943,3.99034,4.25506
1.944,4.58044,4.2689
1.945,4.33722,4.27181
1.946,4.40267,4.27738
1.947,4.43783,4.2842
1.948,4.181,4.27981
1.949,4.75251,4.29992
1.95,4.67532,4.31589
1.951,4.44267,4.32129
1.952,4.51567,4.32956
1.953,4.56548,4.33959
1.954,4.90477,4.36364
1.955,4.55082,4.3716
1.956,4.291,4.36817
1.957,4.60095,4.37808
1.958,4.84379,4.39789
1.959,4.01139,4.38145
1.96,4.42895,4.38347
1.961,3.95331,4.36517
1.962,4.56888,4.37383
1.963,4.42242,4.3759
1.964,4.13385,4.3656
1.965,4.54913,4.37341
1.966,4.16148,4.36439
1.967,4.49988,4.37016
1.968,4.304,4.36734
1.969,4.5324,4.37437
1.97,4.52982,4.38098
1.971,4.13513,4.37052
1.972,4.37053,4.37052
1.973,4.4842,4.37536
1.974,4.58195,4.38415
1.975,4.52015,4.38993
1.976,4.36656,4.38894
1.977,4.11042,4.37709
1.978,4.53234,4.38369
1.979,4.5107,4.3891
1.98,4.55302,4.39607
1.981,4.57416,4.40365
1.982,4.36932,4.40219
1.983,4.55893,4.40885
1.984,4.61047,4.41743
1.985,4.43775,4.4183
1.986,4.45232,4.41974
1.987,4.2842,4.41398
1.988,4.37689,4.4124
1.989,4.39927,4.41184
1.99,4.49049,4.41519
1.991,4.4726,4.41763
1.992,4.22503,4.40944
1.993,3.69328,4.37897
1.994,4.64374,4.39023
1.995,4.65009,4.40129
1.996,4.31041,4.39742
1.997,4.41459,4.39815
1.998,4.97567,4.42272
1.999,4.66637,4.43309
2,4.33926,4.4291
2.001,4.34593,4.42556
2.002,4.38414,4.42379
2.003,4.43163,4.42413
2.004,4.3244,4.41989
2.005,4.60423,4.42773
2.006,4.58809,4.43455
2.007,4.97587,4.45758
2.008,4.86527,4.47492
2.009,4.6128,4.48079
2.01,4.46796,4.48024
2.011,4.61959,4.48617
2.012,4.35847,4.48074
2.013,4.64381,4.48768
2.014,4.07574,4.47015
2.015,4.75021,4.48207
2.016,4.75734,4.49378
2.017,4.69819,4.50247
2.018,4.63592,4.50815
2.019,4.75846,4.5188
2.02,4.6284,4.52346
2.021,4.45003,4.52034
2.022,4.56936,4.52243
2.023,4.44953,4.51932
2.024,4.75185,4.52922
2.025,4.29329,4.51918
2.026,4.47824,4.51744
2.027,4.80526,4.52968
2.028,4.71853,4.53772
2.029,4.2978,4.52751
2.03,4.97472,4.54654
2.031,4.27705,4.53507
2.032,4.54033,4.53529
2.033,4.9104,4.55125
2.034,4.51247,4.5496
2.035,4.61704,4.55247
2.036,4.46322,4.54867
2.037,4.77158,4.55816
2.038,4.61149,4.56043
2.039,4.70252,4.56647
2.04,4.63531,4.5694
2.041,4.8367,4.58077
2.042,4.52634,4.57846
2.043,4.69865,4.58357
2.044,4.62841,4.58548
2.045,4.59429,4.58585
2.046,4.58682,4.58589
2.047,4.25372,4.57176
2.048,4.64094,4.57471
2.049,4.52243,4.57248
2.05,4.25576,4.55901
2.051,4.59215,4.56042
2.052,4.65762,4.56455
2.053,4.68661,4.56974
2.054,4.61964,4.57187
2.055,4.66512,4.57583
2.056,4.66997,4.57984
2.057,4.66365,4.58341
2.058,5.05873,4.60363
2.059,5.0781,4.62381
2.06,4.4042,4.61447
2.061,4.9418,4.6284
2.062,4.8365,4.63725
2.063,4.5844,4.635
2.064,4.49795,4.62917
2.065,4.8112,4.63691
2.066,4.70307,4.63973
2.067,4.59191,4.63769
2.068,4.64382,4.63796
2.069,5.13989,4.65931
2.07,4.87391,4.66844
2.071,4.42819,4.65822
2.072,4.50045,4.65151
2.073,4.42091,4.6417
2.074,4.61867,4.64072
2.075,4.54421,4.63661
2.076,4.83913,4.64523
2.077,4.32245,4.63149
2.078,4.81969,4.6395
2.079,4.61181,4.63832
2.08,4.7882,4.6447
2.081,4.7617,4.64968
2.082,4.53961,4.64499
2.083,5.1921,4.66827
2.084,4.92124,4.67903
2.085,5.19491,4.70098
2.086,4.28803,4.68341
2.087,4.22275,4.66381
2.088,4.76791,4.66824
2.089,4.87938,4.67722
2.09,4.67636,4.67719
2.091,4.69034,4.67775
2.092,4.55238,4.67241
2.093,4.44852,4.66289
2.094,4.69031,4.66405
2.095,4.79517,4.66963
2.096,4.93451,4.6809
2.097,4.71639,4.68241
2.098,4.70437,4.68335
2.099,4.73185,4.68541
2.1,4.76108,4.68863
2.101,4.31335,4.67266
2.102,4.63634,4.67112
2.103,4.85919,4.67912
2.104,4.71445,4.68062
2.105,4.40926,4.66908
2.106,5.18725,4.69112
2.107,4.38321,4.67802
2.108,4.63716,4.67628
2.109,4.60234,4.67314
2.11,4.88094,4.68198
2.111,4.43605,4.67152
2.112,4.54092,4.66596
2.113,4.59893,4.66311
2.114,4.79593,4.66876
2.115,4.88984,4.67816
2.116,4.92616,4.68871
2.117,5.08414,4.70554
2.118,4.7674,4.70817
2.119,5.1474,4.72686
2.12,4.74455,4.72761
2.121,5.00119,4.73925
2.122,4.78586,4.74123
2.123,4.92277,4.74895
2.124,4.65296,4.74487
2.125,4.99085,4.75533
2.126,4.34459,4.73786
2.127,4.71232,4.73677
2.128,4.5517,4.7289
2.129,4.86091,4.73452
2.13,4.56914,4.72748
2.131,4.96457,4.73757
2.132,4.78856,4.73974
2.133,4.88155,4.74577
2.134,4.64953,4.74168
2.135,5.05497,4.755
2.136,4.68454,4.75201
2.137,5.21203,4.77158
2.138,4.92146,4.77795
2.139,4.69546,4.77444
2.14,5.09245,4.78797
2.141,4.81686,4.7892
2.142,5.09945,4.8024
2.143,4.60746,4.79411
2.144,5.09805,4.80704
2.145,4.81366,4.80732
2.146,5.15574,4.82214
2.147,4.5725,4.81152
2.148,5.09254,4.82348
2.149,4.868,4.82537
2.15,4.68646,4.81946
2.151,4.4689,4.80455
2.152,4.93621,4.81015
2.153,4.27925,4.78756
2.154,4.46464,4.77382
2.155,4.85978,4.77748
2.156,4.76517,4.77696
2.157,5.07123,4.78948
2.158,4.94022,4.79589
2.159,4.78503,4.79543
2.16,5.01128,4.80461
2.161,4.69638,4.80001
2.162,4.65855,4.79399
2.163,4.66733,4.7886
2.164,4.81701,4.78981
2.165,4.7638,4.7887
2.166,4.99237,4.79737
2.167,5.23625,4.81604
2.168,4.76565,4.81389
2.169,5.01588,4.82249
2.17,5.13023,4.83558
2.171,4.495,4.82109
2.172,5.25436,4.83952
2.173,4.82681,4.83898
2.174,4.62074,4.8297
2.175,4.46546,4.8142
2.176,4.98287,4.82138
2.177,4.49301,4.80741
2.178,4.84073,4.80883
2.179,4.61377,4.80053
2.18,4.61518,4.79264
2.181,4.41295,4.77649
2.182,4.94577,4.78369
2.183,5.15127,4.79933
2.184,4.91836,4.80439
2.185,5.32752,4.82665
2.186,4.92198,4.8307
2.187,5.26732,4.84928
2.188,5.27349,4.86733
2.189,4.62246,4.85691
2.19,5.06376,4.86571
2.191,5.00556,4.87166
2.192,4.57688,4.85912
2.193,4.46089,4.84218
2.194,4.85199,4.84259
2.195,5.08574,4.85294
2.196,5.17273,4.86654
2.197,5.20883,4.88111
2.198,4.80758,4.87798
2.199,4.19991,4.84913
2.2,4.7482,4.84484
2.201,4.71594,4.83935
2.202,4.72208,4.83436
2.203,4.4478,4.81792
2.204,4.6664,4.81147
2.205,4.94892,4.81732
2.206,4.8158,4.81726
2.207,4.88069,4.81995
2.208,5.09974,4.83186
2.209,4.93388,4.8362
2.21,4.79308,4.83436
2.211,5.30261,4.85428
2.212,4.80639,4.85225
2.213,5.15237,4.86501
2.214,5.19965,4.87925
2.215,4.9313,4.88147
2.216,5.01153,4.887
2.217,4.95315,4.88981
2.218,4.57773,4.87654
2.219,4.86712,4.87614
2.22,4.76195,4.87128
2.221,5.3166,4.89022
2.222,5.04501,4.89681
2.223,5.01149,4.90169
2.224,4.69851,4.89304
2.225,4.33945,4.86949
2.226,5.37998,4.89121
2.227,5.06598,4.89865
2.228,5.45923,4.92249
2.229,4.99054,4.92539
2.23,5.25008,4.9392
2.231,4.82204,4.93422
2.232,5.03332,4.93843
2.233,4.98423,4.94038
2.234,4.91617,4.93935
2.235,4.77475,4.93235
2.236,5.49804,4.95642
2.237,5.06812,4.96117
2.238,4.66416,4.94853
2.239,4.87564,4.94543
2.24,5.22275,4.95723
2.241,5.13793,4.96492
2.242,4.93996,4.96386
2.243,5.0711,4.96842
2.244,4.56747,4.95136
2.245,4.92726,4.95033
2.246,4.8282,4.94514
2.247,5.47266,4.96758
2.248,5.12743,4.97438
2.249,5.05718,4.9779
2.25,5.15754,4.98555
2.251,5.25142,4.99686
2.252,4.84894,4.99057
2.253,4.88935,4.98626
2.254,5.06206,4.98948
2.255,4.55535,4.97101
2.256,4.54949,4.95308
2.257,4.69148,4.94195
2.258,5.20315,4.95306
2.259,4.95405,4.95311
2.26,4.86895,4.94953
2.261,5.08841,4.95543
2.262,4.65085,4.94248
2.263,4.5485,4.92572
2.264,4.86888,4.9233
2.265,4.76012,4.91635
2.266,4.78882,4.91093
2.267,5.19367,4.92296
2.268,4.70019,4.91348
2.269,4.70875,4.90477
2.27,5.05165,4.91102
2.271,4.89866,4.91049
2.272,5.20013,4.92282
2.273,4.88073,4.92103
2.274,4.6365,4.90892
2.275,4.96396,4.91126
2.276,5.10145,4.91935
2.277,5.10178,4.92711
2.278,4.86532,4.92449
2.279,4.8423,4.92099
2.28,4.98477,4.9237
2.281,4.60663,4.91021
2.282,5.2508,4.9247
2.283,4.73714,4.91672
2.284,4.89475,4.91579
2.285,4.98903,4.9189
2.286,4.8313,4.91518
2.287,4.88062,4.91371
2.288,4.42907,4.89309
2.289,5.14573,4.90384
2.29,4.84966,4.90153
2.291,5.33923,4.92015
2.292,4.87752,4.91834
2.293,5.29014,4.93416
2.294,4.79497,4.92824
2.295,5.22942,4.94105
2.296,4.67556,4.92975
2.297,5.09122,4.93662
2.298,4.82292,4.93179
2.299,5.02932,4.93594
2.3,4.91721,4.93514
2.301,5.19621,4.94625
2.302,5.39394,4.96529
2.303,4.95814,4.96499
2.304,5.53713,4.98933
2.305,4.59679,4.97263
2.306,5.22105,4.9832
2.307,5.13084,4.98948
2.308,5.03053,4.99123
2.309,4.74707,4.98084
2.31,5.43814,5.00029
2.311,4.80905,4.99216
2.312,4.82361,4.98499
2.313,5.30189,4.99847
2.314,4.85732,4.99246
2.315,5.06845,4.9957
2.316,5.38435,5.01223
2.317,5.26704,5.02307
2.318,4.76407,5.01205
2.319,5.2751,5.02324
2.32,5.24348,5.03261
2.321,4.92162,5.02789
2.322,4.7227,5.01491
2.323,5.09451,5.01829
2.324,5.04437,5.0194
2.325,4.91573,5.01499
2.326,5.19761,5.02276
2.327,4.96383,5.02025
2.328,5.05864,5.02189
2.329,4.29899,4.99113
2.33,5.41138,5.00901
2.331,4.83275,5.00151
2.332,5.16628,5.00852
2.333,4.60228,4.99124
2.334,5.21041,5.00056
2.335,5.01198,5.00105
2.336,5.09261,5.00494
2.337,5.04195,5.00652
2.338,5.03624,5.00778
2.339,4.97999,5.0066
2.34,5.10661,5.01086
2.341,5.16493,5.01741
2.342,4.7804,5.00733
2.343,4.84554,5.00045
2.344,4.95813,4.99864
2.345,4.92574,4.99554
2.346,5.09353,4.99971
2.347,5.1507,5.00614
2.348,5.38419,5.02222
2.349,4.91189,5.01752
2.35,5.45663,5.03621
2.351,4.40857,5.0095
2.352,4.63519,4.99358
2.353,4.99659,4.99371
2.354,4.68973,4.98078
2.355,4.82115,4.97398
2.356,4.99146,4.97473
2.357,4.59324,4.9585
2.358,5.14303,4.96635
2.359,5.14515,4.97396
2.36,4.97966,4.9742
2.361,4.89548,4.97085
2.362,5.14676,4.97833
2.363,4.97387,4.97814
2.364,5.18856,4.9871
2.365,5.07523,4.99084
2.366,5.09061,4.99509
2.367,4.93398,4.99249
2.368,4.68603,4.97945
2.369,4.7394,4.96924
2.37,5.17766,4.97811
2.371,5.03423,4.98049
2.372,5.42328,4.99933
2.373,5.03417,5.00081
2.374,5.08427,5.00436
2.375,5.06324,5.00687
2.376,4.9868,5.00601
2.377,4.95465,5.00383
2.378,4.75045,4.99305
2.379,5.28785,5.00559
2.38,5.04424,5.00724
2.381,4.89081,5.00228
2.382,4.93465,4.99941
2.383,5.46046,5.01902
2.384,4.80896,5.01008
2.385,5.13979,5.0156
2.386,5.2642,5.02618
2.387,4.9656,5.0236
2.388,5.14982,5.02897
2.389,4.90321,5.02362
2.39,5.7754,5.0556
2.391,5.06439,5.05598
2.392,4.87534,5.04829
2.393,4.96537,5.04476
2.394,5.24618,5.05333
2.395,4.69542,5.03811
2.396,5.08127,5.03994
2.397,4.88211,5.03323
2.398,5.07005,5.03479
2.399,5.26606,5.04463
2.4,5.05617,5.04512
2.401,5.18136,5.05092
2.402,4.84665,5.04223
2.403,5.01205,5.04095
2.404,4.89155,5.03459
2.405,4.39179,5.00724
2.406,4.99178,5.00659
2.407,4.83384,4.99924
2.408,5.00169,4.99934
2.409,4.56769,4.98098
2.41,4.94336,4.97938
2.411,4.81795,4.97251
2.412,4.89025,4.96901
2.413,5.2254,4.97992
2.414,4.87999,4.97567
2.415,5.15945,4.98349
2.416,4.69414,4.97118
2.417,4.95319,4.97041
2.418,4.81644,4.96386
2.419,4.88571,4.96054
2.42,5.32677,4.97612
2.421,4.91764,4.97363
2.422,4.55677,4.95589
2.423,4.90318,4.95365
2.424,5.11915,4.96069
2.425,5.12981,4.96789
2.426,4.60682,4.95253
2.427,5.12741,4.95997
2.428,5.03886,4.96332
2.429,5.42031,4.98276
2.43,4.70565,4.97097
2.431,4.76667,4.96228
2.432,5.00695,4.96418
2.433,5.34387,4.98034
2.434,5.15678,4.98784
2.435,4.98395,4.98768
2.436,5.16884,4.99538
2.437,4.93528,4.99283
2.438,5.46608,5.01296
2.439,4.73838,5.00128
2.44,5.12752,5.00665
2.441,4.29767,4.97649
2.442,5.11988,4.98259
2.443,4.86736,4.97769
2.444,4.97075,4.97739
2.445,4.71836,4.96637
2.446,4.82294,4.96027
2.447,4.73231,4.95057
2.448,4.89707,4.9483
2.449,5.14061,4.95648
2.45,4.93964,4.95576
2.451,5.15972,4.96444
2.452,4.95043,4.96384
2.453,4.97238,4.9642
2.454,5.42076,4.98363
2.455,5.06451,4.98707
2.456,5.30515,5.0006
2.457,5.11065,5.00528
2.458,5.05802,5.00753
2.459,5.18658,5.01514
2.46,5.33031,5.02855
2.461,4.98174,5.02656
2.462,4.8723,5.02
2.463,5.34443,5.0338
2.464,4.86751,5.02673
2.465,4.6349,5.01006
2.466,4.6725,4.9957
2.467,5.11076,5.00059
2.468,4.95555,4.99867
2.469,4.98339,4.99802
2.47,5.17394,5.00551
2.471,5.25197,5.01599
2.472,4.41931,4.99061
2.473,4.90256,4.98686
2.474,4.80474,4.97911
2.475,5.52634,5.0024
2.476,4.80416,4.99396
2.477,4.99386,4.99396
2.478,4.48674,4.97238
2.479,5.22569,4.98316
2.48,4.84634,4.97733
2.481,4.90006,4.97405
2.482,5.01045,4.9756
2.483,4.8819,4.97161
2.484,4.70139,4.96011
2.485,4.87257,4.95639
2.486,4.85852,4.95223
2.487,5.19983,4.96276
2.488,4.75223,4.9538
2.489,5.22817,4.96548
2.49,4.774,4.95733
2.491,4.92171,4.95581
2.492,5.0184,4.95848
2.493,4.62811,4.94442
2.494,5.11846,4.95183
2.495,4.77082,4.94413
2.496,4.52877,4.92645
2.497,4.79177,4.92073
2.498,4.87516,4.91879
2.499,4.99297,4.92194
2.5,5.0638,4.92798
2.501,4.71982,4.91912
2.502,4.75953,4.91233
2.503,5.45273,4.93532
2.504,4.76588,4.92811
2.505,5.0851,4.93479
2.506,5.01688,4.93828
2.507,4.93514,4.93815
2.508,4.70365,4.92817
2.509,5.07301,4.93434
2.51,5.22118,4.94654
2.511,5.08557,4.95245
2.512,5.16151,4.96135
2.513,4.99418,4.96274
2.514,5.62326,4.99085
2.515,4.5474,4.97198
2.516,4.76579,4.96321
2.517,4.87121,4.95929
2.518,4.85114,4.95469
2.519,4.98114,4.95582
2.52,4.94419,4.95532
2.521,4.77932,4.94784
2.522,4.77944,4.94067
2.523,4.43711,4.91925
2.524,5.3705,4.93845
2.525,4.39854,4.91548
2.526,5.41073,4.93655
2.527,4.8446,4.93263
2.528,5.15714,4.94219
2.529,4.41591,4.9198
2.53,4.70698,4.91074
2.531,5.06689,4.91739
2.532,4.71022,4.90857
2.533,4.98766,4.91194
2.534,4.77244,4.906
2.535,4.51979,4.88957
2.536,5.04629,4.89624
2.537,4.67744,4.88693
2.538,4.59709,4.8746
2.539,4.68269,4.86643
2.54,4.98517,4.87149
2.541,5.24686,4.88746
2.542,5.31992,4.90585
2.543,4.88713,4.90506
2.544,4.53374,4.88926
2.545,4.84237,4.88727
2.546,4.42947,4.86779
2.547,4.78186,4.86413
2.548,4.79429,4.86116
2.549,4.96932,4.86576
2.55,4.70429,4.85889
2.551,5.25159,4.8756
2.552,4.81516,4.87303
2.553,4.85643,4.87232
2.554,5.3118,4.89102
2.555,4.93188,4.89276
2.556,5.00462,4.89752
2.557,5.1663,4.90895
2.558,5.27082,4.92435
2.559,4.6551,4.91289
2.56,4.89844,4.91228
2.561,4.75444,4.90556
2.562,4.55964,4.89085
2.563,5.22983,4.90527
2.564,4.86217,4.90343
2.565,4.47528,4.88522
2.566,4.91313,4.88641
2.567,5.0707,4.89425
2.568,4.85568,4.89261
2.569,4.88138,4.89213
2.57,5.33045,4.91078
2.571,4.49538,4.8931
2.572,4.52754,4.87755
2.573,5.2532,4.89353
2.574,4.87945,4.89293
2.575,4.46331,4.87466
2.576,4.83581,4.873
2.577,5.1785,4.886
2.578,5.00077,4.89088
2.579,5.22446,4.90507
2.58,5.08254,4.91262
2.581,4.72556,4.90467
2.582,4.60968,4.89212
2.583,4.91348,4.89303
2.584,4.58895,4.88009
2.585,4.9294,4.88219
2.586,4.86419,4.88142
2.587,5.41734,4.90422
2.588,4.91383,4.90463
2.589,4.63349,4.89309
2.59,4.67591,4.88386
2.591,4.562,4.87016
2.592,4.90945,4.87183
2.593,5.07903,4.88065
2.594,4.81617,4.87791
2.595,4.92644,4.87997
2.596,4.71956,4.87315
2.597,4.98764,4.87802
2.598,4.48596,4.86134
2.599,4.9808,4.86642
2.6,5.05105,4.87427
2.601,4.58632,4.86202
2.602,5.20119,4.87645
2.603,4.63562,4.86621
2.604,4.72382,4.86015
2.605,4.51563,4.84549
2.606,4.42001,4.82739
2.607,4.91817,4.83125
2.608,4.71813,4.82644
2.609,4.8347,4.82679
2.61,4.56948,4.81584
2.611,4.80734,4.81548
2.612,4.62179,4.80724
2.613,4.90258,4.8113
2.614,3.97026,4.77552
2.615,4.91617,4.7815
2.616,4.63279,4.77517
2.617,4.54651,4.76545
2.618,4.8425,4.76872
2.619,4.60509,4.76176
2.62,5.13359,4.77758
2.621,4.67434,4.77319
2.622,4.60731,4.76613
2.623,4.8802,4.77099
2.624,4.45385,4.75749
2.625,4.79011,4.75888
2.626,4.84151,4.7624
2.627,4.62265,4.75645
2.628,4.90142,4.76262
2.629,5.16245,4.77963
2.63,4.62705,4.77314
2.631,4.8238,4.77529
2.632,4.2187,4.75161
2.633,4.43429,4.73811
2.634,4.61558,4.7329
2.635,4.35427,4.71679
2.636,4.46803,4.70621
2.637,4.62115,4.70259
2.638,4.60862,4.69859
2.639,4.44486,4.6878
2.64,4.67863,4.68741
2.641,5.12385,4.70598
2.642,4.87654,4.71323
2.643,5.42636,4.74357
2.644,4.6058,4.73771
2.645,5.02282,4.74984
2.646,4.72767,4.7489
2.647,4.80222,4.75116
2.648,4.63456,4.7462
2.649,5.05639,4.7594
2.65,4.79383,4.76087
2.651,4.50672,4.75005
2.652,4.16734,4.72526
2.653,4.37963,4.71056
2.654,4.66088,4.70844
2.655,4.86767,4.71522
2.656,4.8001,4.71883
2.657,4.83679,4.72385
2.658,4.74227,4.72463
2.659,5.07619,4.73959
2.66,4.66477,4.73641
2.661,4.75032,4.737
2.662,4.48873,4.72643
2.663,4.93892,4.73547
2.664,4.51479,4.72609
2.665,4.88258,4.73274
2.666,4.30489,4.71454
2.667,4.75839,4.71641
2.668,4.41007,4.70337
2.669,4.28596,4.68562
2.67,4.83729,4.69207
2.671,4.94816,4.70296
2.672,4.79303,4.70679
2.673,4.32057,4.69036
2.674,4.11022,4.66568
2.675,4.35626,4.65252
2.676,4.41998,4.64263
2.677,4.23453,4.62526
2.678,4.65481,4.62652
2.679,3.98663,4.5993
2.68,4.43738,4.59241
2.681,3.99953,4.56719
2.682,4.57102,4.56735
2.683,4.86292,4.57992
2.684,4.29026,4.5676
2.685,4.75633,4.57563
2.686,4.78453,4.58452
2.687,4.5769,4.58419
2.688,4.84219,4.59517
2.689,5.35654,4.62756
2.69,4.52389,4.62315
2.691,3.99291,4.59634
2.692,4.34834,4.58579
2.693,4.75483,4.59298
2.694,4.71173,4.59803
2.695,4.24769,4.58313
2.696,4.3874,4.5748
2.697,4.82205,4.58532
2.698,4.6451,4.58786
2.699,4.62535,4.58946
2.7,4.53591,4.58718
2.701,4.42448,4.58026
2.702,4.15134,4.56201
2.703,4.79552,4.57194
2.704,4.24806,4.55816
2.705,4.19516,4.54272
2.706,4.50704,4.5412
2.707,4.603,4.54383
2.708,4.875,4.55792
2.709,4.66782,4.5626
2.71,4.76927,4.57139
2.711,4.62348,4.57361
2.712,5.10721,4.59631
2.713,4.16003,4.57775
2.714,4.49099,4.57405
2.715,4.36027,4.56496
2.716,4.42877,4.55917
2.717,4.59127,4.56053
2.718,4.72379,4.56748
2.719,4.66362,4.57157
2.72,4.25541,4.55812
2.721,4.51319,4.55621
2.722,4.78395,4.56589
2.723,4.6218,4.56827
2.724,4.27927,4.55598
2.725,4.76712,4.56496
2.726,4.55392,4.56449
2.727,4.25872,4.55148
2.728,4.46785,4.54792
2.729,4.15556,4.53123
2.73,4.31471,4.52202
2.731,4.75583,4.53197
2.732,4.33519,4.5236
2.733,3.66331,4.487
2.734,4.54139,4.48931
2.735,4.44433,4.4874
2.736,4.47916,4.48705
2.737,4.88317,4.5039
2.738,4.23883,4.49262
2.739,4.64755,4.49921
2.74,4.54498,4.50116
2.741,4.10412,4.48427
2.742,4.58805,4.48868
2.743,4.34734,4.48267
2.744,3.99095,4.46175
2.745,4.71513,4.47253
2.746,4.63886,4.47961
2.747,4.60565,4.48497
2.748,4.39931,4.48133
2.749,4.53512,4.48361
2.75,4.58673,4.488
2.751,4.52123,4.48941
2.752,4.02227,4.46954
2.753,3.94849,4.44737
2.754,4.48591,4.44901
2.755,4.45597,4.44931
2.756,4.24509,4.44062
2.757,3.91991,4.41847
2.758,4.66161,4.42881
2.759,4.72635,4.44147
2.76,4.54318,4.4458
2.761,4.46686,4.44669
2.762,4.1462,4.43391
2.763,4.04873,4.41752
2.764,4.2557,4.41064
2.765,4.32189,4.40686
2.766,4.25462,4.40039
2.767,4.2095,4.39226
2.768,4.10912,4.38022
2.769,3.82957,4.35679
2.77,4.06215,4.34426
2.771,4.52302,4.35186
2.772,4.5573,4.3606
2.773,4.75381,4.37733
2.774,4.15599,4.36791
2.775,4.39825,4.3692
2.776,4.76676,4.38612
2.777,3.96047,4.36801
2.778,4.11747,4.35735
2.779,4.64227,4.36947
2.78,4.2133,4.36283
2.781,4.5184,4.36945
2.782,4.09866,4.35793
2.783,4.25171,4.35341
2.784,4.27888,4.35024
2.785,4.55057,4.35876
2.786,4.13713,4.34933
2.787,3.74769,4.32374
2.788,4.17343,4.31734
2.789,4.34986,4.31872
2.79,4.36629,4.32075
2.791,4.20534,4.31584
2.792,4.17947,4.31004
2.793,3.90833,4.29295
2.794,3.90009,4.27623
2.795,4.39847,4.28143
2.796,4.5832,4.29427
2.797,4.42401,4.29979
2.798,4.18497,4.29491
2.799,4.26798,4.29376
2.8,4.40809,4.29862
2.801,4.31939,4.29951
2.802,4.22729,4.29644
2.803,4.14989,4.2902
2.804,4.27657,4.28962
2.805,4.1437,4.28341
2.806,4.17135,4.27865
2.807,4.07157,4.26984
2.808,4.1687,4.26553
2.809,4.72183,4.28495
2.81,4.26827,4.28424
2.811,4.42277,4.29013
2.812,4.13238,4.28342
2.813,4.50809,4.29298
2.814,3.90798,4.2766
2.815,4.09278,4.26878
2.816,3.89127,4.25272
2.817,4.12726,4.24738
2.818,4.2241,4.24639
2.819,4.05178,4.23811
2.82,3.90059,4.22375
2.821,4.21689,4.22346
2.822,4.15835,4.22069
2.823,4.24647,4.22179
2.824,4.22693,4.222
2.825,4.39619,4.22941
2.826,4.12358,4.22491
2.827,4.57989,4.24001
2.828,4.54591,4.25303
2.829,4.44193,4.26106
2.83,4.00553,4.25019
2.831,3.93651,4.23685
2.832,4.04459,4.22867
2.833,4.15113,4.22537
2.834,4.0083,4.21614
2.835,3.88326,4.20197
2.836,4.21858,4.20268
2.837,4.02182,4.19499
2.838,4.49559,4.20777
2.839,4.26305,4.21013
2.84,4.2457,4.21164
2.841,4.62751,4.22933
2.842,3.79585,4.21089
2.843,3.94805,4.19971
2.844,4.11268,4.19601
2.845,4.12619,4.19304
2.846,3.96829,4.18347
2.847,4.0359,4.1772
2.848,4.02364,4.17066
2.849,4.38925,4.17996
2.85,3.83573,4.16532
2.851,4.41492,4.17594
2.852,3.87412,4.1631
2.853,4.28307,4.1682
2.854,4.59474,4.18635
2.855,4.41156,4.19593
2.856,4.06641,4.19042
2.857,3.85729,4.17625
2.858,3.70442,4.15617
2.859,3.55098,4.13043
2.86,3.64975,4.10998
2.861,4.074,4.10845
2.862,3.8044,4.09551
2.863,3.81138,4.08342
2.864,4.24893,4.09046
2.865,3.92652,4.08349
2.866,3.99567,4.07975
2.867,3.80817,4.0682
2.868,3.98109,4.06449
2.869,4.14694,4.068
2.87,3.86865,4.05952
2.871,4.07747,4.06028
2.872,4.13693,4.06354
2.873,3.51044,4.04001
2.874,3.70941,4.02595
2.875,3.48176,4.0028
2.876,4.06541,4.00546
2.877,3.80201,3.9968
2.878,3.97419,3.99584
2.879,3.65201,3.98121
2.88,3.98151,3.98123
2.881,4.24477,3.99244
2.882,3.8807,3.98769
2.883,3.76111,3.97805
2.884,4.03029,3.98027
2.885,4.15919,3.98788
2.886,4.02007,3.98925
2.887,3.48854,3.96795
2.888,3.70065,3.95658
2.889,4.16478,3.96543
2.89,4.00987,3.96733
2.891,4.05405,3.97101
2.892,4.12247,3.97746
2.893,3.90081,3.9742
2.894,4.32678,3.9892
2.895,4.17163,3.99696
2.896,3.57737,3.97911
2.897,4.72812,4.01097
2.898,3.82217,4.00294
2.899,4.36396,4.0183
2.9,4.12,4.02263
2.901,3.75166,4.0111
2.902,3.9355,4.00788
2.903,3.91851,4.00408
2.904,4.10132,4.00822
2.905,3.83474,4.00084
2.906,3.50563,3.97977
2.907,3.63824,3.96524
2.908,4.01518,3.96736
2.909,3.68646,3.95541
2.91,4.20674,3.96611
2.911,4.08167,3.97102
2.912,3.89006,3.96758
2.913,3.78383,3.95976
2.914,3.99247,3.96115
2.915,3.43336,3.9387
2.916,3.98821,3.9408
2.917,3.7592,3.93308
2.918,3.75629,3.92556
2.919,4.37908,3.94485
2.92,3.70127,3.93449
2.921,4.08684,3.94097
2.922,3.95333,3.9415
2.923,3.50148,3.92278
2.924,3.64106,3.91079
2.925,3.89573,3.91015
2.926,4.14811,3.92027
2.927,3.72304,3.91188
2.928,3.98928,3.91518
2.929,3.94683,3.91652
2.93,3.79557,3.91138
2.931,3.82774,3.90782
2.932,3.67107,3.89775
2.933,3.95668,3.90025
2.934,3.92355,3.90124
2.935,3.44385,3.88179
2.936,3.47535,3.86449
2.937,3.72065,3.85837
2.938,3.87679,3.85916
2.939,4.11137,3.86989
2.94,3.65282,3.86065
2.941,3.70372,3.85398
2.942,3.88649,3.85536
2.943,3.87106,3.85603
2.944,3.67314,3.84825
2.945,3.87719,3.84948
2.946,4.10349,3.86028
2.947,3.93645,3.86353
2.948,4.23413,3.87929
2.949,3.62464,3.86846
2.95,3.57206,3.85585
2.951,3.84819,3.85552
2.952,3.16495,3.82614
2.953,3.84151,3.8268
2.954,3.6703,3.82014
2.955,3.88689,3.82298
2.956,3.91064,3.82671
2.957,4.31865,3.84764
2.958,4.023,3.8551
2.959,3.47252,3.83882
2.96,3.72888,3.83414
2.961,3.5218,3.82086
2.962,3.67395,3.81461
2.963,3.85483,3.81632
2.964,3.51777,3.80362
2.965,3.2787,3.78128
2.966,3.72196,3.77876
2.967,3.84385,3.78153
2.968,4.07103,3.79385
2.969,3.70324,3.78999
2.97,3.43121,3.77473
2.971,3.53206,3.7644
2.972,3.36764,3.74752
2.973,3.64457,3.74314
2.974,3.09697,3.71565
2.975,3.69842,3.71492
2.976,3.82542,3.71962
2.977,3.59394,3.71427
2.978,3.62345,3.71041
2.979,3.38984,3.69677
2.98,3.42823,3.68535
2.981,3.4613,3.67582
2.982,3.91144,3.68584
2.983,3.57183,3.68099
2.984,3.39781,3.66894
2.985,3.68714,3.66972
2.986,3.38457,3.65759
2.987,3.75549,3.66175
2.988,3.59825,3.65905
2.989,3.62374,3.65755
2.99,3.53995,3.65255
2.991,3.56248,3.64871
2.992,3.70797,3.65123
2.993,3.49457,3.64457
2.994,4.34661,3.67444
2.995,2.8714,3.64027
2.996,3.85057,3.64922
2.997,3.30398,3.63453
2.998,3.88043,3.64499
2.999,3.53319,3.64024
3,3.91032,3.65173
3.001,3.45458,3.64334
3.002,3.81406,3.6506
3.003,3.23348,3.63286
3.004,3.62635,3.63258
3.005,3.58859,3.63071
3.006,3.33334,3.61806
3.007,3.19578,3.60009
3.008,3.40909,3.59197
3.009,3.30185,3.57962
3.01,3.23725,3.56506
3.011,3.14923,3.54737
3.012,3.58891,3.54914
3.013,3.52995,3.54832
3.014,3.28107,3.53695
3.015,3.61772,3.54039
3.016,3.69674,3.54704
3.017,3.29667,3.53639
3.018,3.72311,3.54433
3.019,3.66425,3.54943
3.02,3.49993,3.54733
3.021,3.40534,3.54129
3.022,3.37257,3.53411
3.023,3.85128,3.5476
3.024,3.40036,3.54134
3.025,3.16054,3.52514
3.026,3.47665,3.52307
3.027,3.34641,3.51556
3.028,3.51191,3.5154
3.029,3.9798,3.53516
3.03,3.32834,3.52636
3.031,3.23773,3.51408
3.032,3.06903,3.49515
3.033,4.23047,3.52643
3.034,3.37803,3.52012
3.035,3.79324,3.53174
3.036,3.30828,3.52223
3.037,3.145,3.50618
3.038,3.47646,3.50492
3.039,3.13997,3.48939
3.04,3.52041,3.49071
3.041,3.95839,3.51061
3.042,3.53459,3.51163
3.043,3.69562,3.51946
3.044,3.51886,3.51943
3.045,3.58015,3.52201
3.046,3.12709,3.50521
3.047,3.21895,3.49303
3.048,3.35198,3.48703
3.049,3.75363,3.49837
3.05,3.64183,3.50448
3.051,3.17642,3.49052
3.052,3.14568,3.47585
3.053,3.43239,3.474
3.054,3.2018,3.46242
3.055,3.32491,3.45657
3.056,3.47044,3.45716
3.057,2.97723,3.43674
3.058,3.44411,3.43706
3.059,3.12864,3.42394
3.06,3.49457,3.42694
3.061,2.86149,3.40288
3.062,3.31942,3.39933
3.063,3.10919,3.38699
3.064,3.24309,3.38087
3.065,3.34081,3.37916
3.066,3.53138,3.38564
3.067,3.27909,3.38111
3.068,3.31113,3.37813
3.069,2.90314,3.35792
3.07,3.02231,3.34364
3.071,3.00732,3.32934
3.072,3.34296,3.32991
3.073,3.18701,3.32384
3.074,3.0247,3.31111
3.075,2.78984,3.28893
3.076,2.9799,3.27579
3.077,3.18421,3.27189
3.078,2.98508,3.25969
3.079,3.40946,3.26606
3.08,3.1391,3.26066
3.081,3.18495,3.25744
3.082,3.1592,3.25326
3.083,3.57342,3.26688
3.084,3.2598,3.26658
3.085,3.10774,3.25982
3.086,3.34615,3.26349
3.087,3.10162,3.25661
3.088,3.22111,3.2551
3.089,2.83858,3.23738
3.09,3.73944,3.25874
3.091,3.31801,3.26126
3.092,3.07002,3.25312
3.093,2.55569,3.22345
3.094,3.05993,3.21649
3.095,2.93925,3.2047
3.096,3.10871,3.20062
3.097,3.42573,3.21019
3.098,2.6292,3.18547
3.099,2.99713,3.17746
3.1,3.0538,3.1722
3.101,2.802,3.15645
3.102,3.13248,3.15543
3.103,2.81094,3.14078
3.104,3.35327,3.14982
3.105,2.99315,3.14315
3.106,2.93059,3.13411
3.107,2.78224,3.11914
3.108,3.08938,3.11787
3.109,3.20079,3.1214
3.11,3.62812,3.14296
3.111,2.8061,3.12863
3.112,2.94352,3.12075
3.113,2.61079,3.09906
3.114,3.15052,3.10125
3.115,2.93962,3.09437
3.116,3.59917,3.11585
3.117,3.33392,3.12512
3.118,2.97996,3.11895
3.119,3.22468,3.12345
3.12,2.93159,3.11528
3.121,3.14365,3.11649
3.122,3.26684,3.12289
3.123,3.06715,3.12052
3.124,3.08169,3.11886
3.125,3.38842,3.13033
3.126,3.07066,3.12779
3.127,3.26347,3.13356
3.128,3.22978,3.13766
3.129,2.9272,3.1287
3.13,3.09018,3.12707
3.131,2.63465,3.10612
3.132,3.09504,3.10565
3.133,2.93388,3.09834
3.134,2.87082,3.08866
3.135,2.50342,3.06376
3.136,2.88872,3.05631
3.137,2.88208,3.0489
3.138,2.76806,3.03695
3.139,2.74284,3.02444
3.14,3.0253,3.02448
3.141,2.62069,3.0073
3.142,3.1661,3.01405
3.143,3.1784,3.02105
3.144,2.72785,3.00857
3.145,3.22419,3.01775
3.146,2.90197,3.01282
3.147,2.73088,3.00083
3.148,2.90355,2.99669
3.149,2.58126,2.97901
3.15,2.96808,2.97855
3.151,2.97222,2.97828
3.152,2.54571,2.95988
3.153,3.01015,2.96202
3.154,2.91918,2.96019
3.155,3.21263,2.97093
3.156,2.70111,2.95945
3.157,3.3224,2.97489
3.158,3.0041,2.97614
3.159,2.62011,2.96099
3.16,2.87864,2.95749
3.161,2.54383,2.93989
3.162,2.55516,2.92352
3.163,3.02321,2.92776
3.164,2.84799,2.92437
3.165,2.94003,2.92503
3.166,2.57189,2.91001
3.167,2.79116,2.90495
3.168,3.03759,2.9106
3.169,2.89914,2.91011
3.17,2.8387,2.90707
3.171,2.97385,2.90991
3.172,2.72102,2.90188
3.173,2.83153,2.89888
3.174,2.85053,2.89683
3.175,2.40964,2.8761
3.176,3.03772,2.88298
3.177,2.93958,2.88538
3.178,2.43962,2.86642
3.179,2.6037,2.85524
3.18,3.34885,2.87624
3.181,2.98772,2.88099
3.182,3.09586,2.89013
3.183,2.75165,2.88424
3.184,3.05379,2.89145
3.185,2.73579,2.88483
3.186,3.1033,2.89412
3.187,2.76797,2.88875
3.188,3.09444,2.8975
3.189,2.87901,2.89672
3.19,3.05152,2.9033
3.191,2.44647,2.88387
3.192,2.6018,2.87187
3.193,3.18573,2.88522
3.194,2.96307,2.88853
3.195,2.57521,2.8752
3.196,2.78665,2.87144
3.197,2.88861,2.87217
3.198,2.69986,2.86484
3.199,2.98006,2.86974
3.2,2.84555,2.86871
3.201,2.77437,2.8647
3.202,2.53311,2.85059
3.203,2.69683,2.84405
3.204,2.18662,2.81608
3.205,2.48932,2.80218
3.206,2.45682,2.78748
3.207,2.59685,2.77937
3.208,2.8342,2.78171
3.209,2.44805,2.76751
3.21,2.49502,2.75592
3.211,2.71892,2.75435
3.212,2.64935,2.74988
3.213,2.7655,2.75054
3.214,3.13131,2.76674
3.215,2.61284,2.76019
3.216,2.47877,2.74822
3.217,2.72513,2.74724
3.218,3.02009,2.75885
3.219,2.92056,2.76573
3.22,2.55537,2.75678
3.221,1.72409,2.71284
3.222,2.48811,2.70328
3.223,2.64384,2.70075
3.224,2.29442,2.68347
3.225,2.59888,2.67987
3.226,2.79719,2.68486
3.227,2.72951,2.68676
3.228,2.34024,2.67202
3.229,2.58413,2.66828
3.23,2.42421,2.6579
3.231,2.39865,2.64687
3.232,2.66877,2.6478
3.233,2.60719,2.64607
3.234,2.71881,2.64916
3.235,2.77773,2.65463
3.236,2.35846,2.64203
3.237,2.59827,2.64017
3.238,2.45464,2.63228
3.239,2.34926,2.62024
3.24,2.4355,2.61238
3.241,2.65307,2.61411
3.242,2.38642,2.60442
3.243,2.52804,2.60117
3.244,2.30758,2.58868
3.245,2.47333,2.58378
3.246,2.93291,2.59863
3.247,2.28926,2.58547
3.248,2.46411,2.5803
3.249,2.74454,2.58729
3.25,2.55321,2.58584
3.251,2.43611,2.57947
3.252,2.39142,2.57147
3.253,2.77205,2.58
3.254,2.80783,2.5897
3.255,2.06846,2.56752
3.256,2.55565,2.56702
3.257,2.69277,2.57237
3.258,2.59099,2.57316
3.259,2.52674,2.57118
3.26,2.82574,2.58201
3.261,2.31689,2.57074
3.262,2.80772,2.58082
3.263,2.54481,2.57929
3.264,2.78202,2.58791
3.265,2.24983,2.57353
3.266,3.23967,2.60187
3.267,2.81891,2.6111
3.268,2.67861,2.61397
3.269,2.64401,2.61525
3.27,2.60306,2.61473
3.271,2.54692,2.61185
3.272,2.34992,2.6007
3.273,2.27188,2.58671
3.274,2.46082,2.58136
3.275,2.25895,2.56764
3.276,2.80123,2.57758
3.277,2.21226,2.56204
3.278,2.89137,2.57605
3.279,2.31964,2.56514
3.28,2.63038,2.56792
3.281,2.5517,2.56723
3.282,2.77217,2.57595
3.283,2.63255,2.57835
3.284,2.50478,2.57522
3.285,1.79158,2.54188
3.286,2.68614,2.54802
3.287,2.48143,2.54519
3.288,2.51521,2.54391
3.289,2.52608,2.54315
3.29,2.46357,2.53977
3.291,2.09429,2.52082
3.292,3.05177,2.54341
3.293,2.08113,2.52374
3.294,2.23092,2.51128
3.295,2.85774,2.52602
3.296,2.58546,2.52855
3.297,2.07159,2.50911
3.298,2.40388,2.50463
3.299,2.80934,2.51759
3.3,2.49361,2.51657
3.301,2.6437,2.52198
3.302,2.37475,2.51572
3.303,2.27783,2.5056
3.304,2.30594,2.4971
3.305,2.30592,2.48897
3.306,2.44823,2.48724
3.307,1.63286,2.45089
3.308,2.36798,2.44736
3.309,2.6858,2.45751
3.31,2.0904,2.44189
3.311,1.86145,2.41719
3.312,2.24309,2.40979
3.313,2.43134,2.4107
3.314,2.39547,2.41006
3.315,2.38735,2.40909
3.316,2.37941,2.40783
3.317,2.38846,2.407
3.318,2.46901,2.40964
3.319,2.49149,2.41312
3.32,2.2797,2.40745
3.321,1.97701,2.38914
3.322,2.52264,2.39481
3.323,2.28398,2.3901
3.324,2.89695,2.41166
3.325,1.69224,2.38106
3.326,2.28163,2.37683
3.327,2.24449,2.3712
3.328,2.40419,2.3726
3.329,2.74623,2.3885
3.33,2.38892,2.38851
3.331,2.05879,2.37449
3.332,2.11858,2.3636
3.333,2.28096,2.36008
3.334,2.17131,2.35205
3.335,2.01991,2.33792
3.336,2.10434,2.32798
3.337,2.3657,2.32959
3.338,2.21655,2.32478
3.339,2.15883,2.31772
3.34,2.48224,2.32472
3.341,2.22952,2.32067
3.342,2.35345,2.32206
3.343,2.26248,2.31953
3.344,2.2671,2.3173
3.345,2.56866,2.32799
3.346,1.97237,2.31286
3.347,2.13918,2.30547
3.348,2.53805,2.31537
3.349,2.20096,2.3105
3.35,1.84785,2.29082
3.351,2.48792,2.2992
3.352,2.28311,2.29852
3.353,2.19409,2.29408
3.354,1.64281,2.26637
3.355,2.22595,2.26465
3.356,2.23212,2.26327
3.357,2.16133,2.25893
3.358,2.32083,2.26156
3.359,2.19535,2.25875
3.36,1.95925,2.246
3.361,1.90689,2.23158
3.362,2.52694,2.24414
3.363,1.92373,2.23051
3.364,2.44309,2.23955
3.365,2.22116,2.23877
3.366,1.50158,2.20741
3.367,2.27225,2.21017
3.368,2.07515,2.20442
3.369,1.91232,2.192
3.37,2.53776,2.20671
3.371,2.22742,2.20759
3.372,2.41727,2.21651
3.373,2.11758,2.2123
3.374,2.3011,2.21608
3.375,2.14288,2.21296
3.376,2.06981,2.20687
3.377,1.95413,2.19612
3.378,2.17578,2.19526
3.379,2.12851,2.19242
3.38,2.43177,2.2026
3.381,2.36318,2.20943
3.382,2.1807,2.20821
3.383,2.43475,2.21785
3.384,2.42816,2.22679
3.385,1.90364,2.21305
3.386,1.91767,2.20048
3.387,2.51507,2.21386
3.388,1.92477,2.20156
3.389,2.07011,2.19597
3.39,2.04399,2.18951
3.391,1.90544,2.17742
3.392,2.00293,2.17
3.393,2.04475,2.16467
3.394,2.23905,2.16783
3.395,2.00773,2.16102
3.396,2.0989,2.15838
3.397,2.10899,2.15628
3.398,2.23593,2.15967
3.399,2.01606,2.15356
3.4,1.96708,2.14562
3.401,1.87299,2.13402
3.402,1.84071,2.12155
3.403,2.13793,2.12224
3.404,1.77095,2.1073
3.405,2.23487,2.11272
3.406,1.75851,2.09766
3.407,1.7038,2.0809
3.408,2.33186,2.09158
3.409,1.6692,2.07361
3.41,2.00336,2.07062
3.411,2.27523,2.07932
3.412,2.01318,2.07651
3.413,1.85459,2.06707
3.414,2.27151,2.07577
3.415,2.1499,2.07892
3.416,2.57344,2.09996
3.417,1.98563,2.09509
3.418,2.15473,2.09763
3.419,2.03809,2.0951
3.42,2.14775,2.09734
3.421,2.13784,2.09906
3.422,1.77369,2.08522
3.423,1.76809,2.07173
3.424,1.86979,2.06314
3.425,2.01675,2.06116
3.426,1.79293,2.04975
3.427,2.18436,2.05548
3.428,1.90359,2.04902
3.429,2.15841,2.05367
3.43,2.10839,2.056
3.431,1.61846,2.03738
3.432,1.57534,2.01773
3.433,1.87448,2.01163
3.434,2.09968,2.01538
3.435,2.1245,2.02002
3.436,2.25473,2.03001
3.437,1.86169,2.02285
3.438,1.79365,2.01309
3.439,2.08821,2.01629
3.44,1.96007,2.0139
3.441,2.05155,2.0155
3.442,1.93552,2.0121
3.443,2.06485,2.01434
3.444,1.75672,2.00338
3.445,1.98914,2.00278
3.446,1.58945,1.98519
3.447,2.12983,1.99135
3.448,1.46789,1.96908
3.449,1.75756,1.96008
3.45,1.90366,1.95768
3.451,1.85733,1.95341
3.452,2.03982,1.95708
3.453,1.96775,1.95754
3.454,1.60521,1.94255
3.455,1.80517,1.9367
3.456,2.03312,1.94081
3.457,1.2707,1.9123
3.458,1.98048,1.9152
3.459,1.82144,1.91121
3.46,2.12617,1.92035
3.461,1.90558,1.91973
3.462,1.68133,1.90958
3.463,1.82553,1.90601
3.464,1.70171,1.89732
3.465,1.97559,1.90065
3.466,2.32115,1.91854
3.467,1.76242,1.91189
3.468,2.25458,1.92647
3.469,1.56234,1.91098
3.47,1.72815,1.9032
3.471,1.99057,1.90692
3.472,1.61552,1.89452
3.473,2.17403,1.90641
3.474,2.06112,1.913
3.475,1.44258,1.89298
3.476,2.09675,1.90165
3.477,1.97603,1.90482
3.478,2.04996,1.91099
3.479,2.09917,1.919
3.48,2.3463,1.93718
3.481,1.82292,1.93231
3.482,1.38376,1.90898
3.483,1.62109,1.89673
3.484,1.90239,1.89697
3.485,1.35786,1.87404
3.486,1.96289,1.87782
3.487,1.96607,1.88157
3.488,1.93735,1.88394
3.489,1.43835,1.86499
3.49,1.3797,1.84434
3.491,1.74869,1.84027
3.492,1.80065,1.83859
3.493,1.28282,1.81494
3.494,1.68296,1.80933
3.495,2.3733,1.83332
3.496,1.77385,1.83079
3.497,1.61382,1.82156
3.498,1.278,1.79843
3.499,1.17784,1.77203
3.5,1.94179,1.77925
3.501,1.44283,1.76494
3.502,1.64696,1.75992
3.503,2.06244,1.77279
3.504,1.577,1.76446
3.505,1.65213,1.75968
3.506,1.17739,1.73491
3.507,1.51752,1.72566
3.508,1.83025,1.73011
3.509,1.5373,1.72191
3.51,1.6224,1.71767
3.511,1.80064,1.7212
3.512,1.80832,1.72491
3.513,1.16779,1.70121
3.514,1.46594,1.6912
3.515,1.7672,1.69443
3.516,1.57603,1.6894
3.517,1.01643,1.66077
3.518,1.50881,1.6543
3.519,1.47436,1.64665
3.52,1.79924,1.65314
3.521,1.45049,1.64452
3.522,1.72957,1.64813
3.523,1.67415,1.64924
3.524,0.997387,1.62151
3.525,1.36822,1.61073
3.526,1.58321,1.60956
3.527,1.64335,1.611
3.528,1.53948,1.60796
3.529,1.68605,1.61128
3.53,1.72186,1.61598
3.531,1.46157,1.60942
3.532,1.40844,1.60087
3.533,2.29459,1.63038
3.534,1.61302,1.62964
3.535,1.26459,1.61411
3.536,1.41422,1.60561
3.537,1.70385,1.60979
3.538,1.50881,1.60549
3.539,1.79593,1.61359
3.54,1.56902,1.6117
3.541,1.69193,1.61511
3.542,1.54353,1.61206
3.543,1.70553,1.61604
3.544,1.90617,1.62838
3.545,1.50228,1.62302
3.546,1.47385,1.61667
3.547,1.4891,1.61125
3.548,1.75104,1.61719
3.549,1.17272,1.59828
3.55,1.68882,1.60214
3.551,1.30993,1.5897
3.552,1.2069,1.57342
3.553,1.47621,1.56928
3.554,1.52428,1.56737
3.555,1.7024,1.57311
3.556,1.55123,1.57218
3.557,1.84177,1.58365
3.558,1.41841,1.57662
3.559,1.86415,1.58885
3.56,1.63083,1.59064
3.561,1.69707,1.59517
3.562,1.5679,1.59401
3.563,1.31425,1.58211
3.564,1.75095,1.58929
3.565,1.62783,1.59093
3.566,1.74178,1.59735
3.567,1.03411,1.57338
3.568,1.03606,1.55052
3.569,1.48064,1.54755
3.57,1.62248,1.55074
3.571,1.7556,1.55945
3.572,1.7253,1.56651
3.573,1.51011,1.56411
3.574,1.52411,1.56241
3.575,1.24683,1.54898
3.576,1.19822,1.53406
3.577,1.42702,1.52951
3.578,1.67957,1.53589
3.579,1.05757,1.51554
3.58,1.76399,1.52611
3.581,1.10289,1.50811
3.582,1.56369,1.51047
3.583,1.63406,1.51573
3.584,1.68602,1.52297
3.585,1.26736,1.5121
3.586,1.42835,1.50854
3.587,1.26456,1.49816
3.588,2.24303,1.52985
3.589,1.72393,1.5381
3.59,1.756,1.54737
3.591,1.56977,1.54833
3.592,1.75126,1.55696
3.593,1.85441,1.56961
3.594,0.895363,1.54093
3.595,1.85753,1.5544
3.596,1.642,1.55812
3.597,1.89828,1.5726
3.598,1.80968,1.58268
3.599,1.55547,1.58153
3.6,1.61741,1.58305
3.601,1.77876,1.59138
3.602,1.03303,1.56762
3.603,1.51433,1.56536
3.604,1.60706,1.56713
3.605,1.58395,1.56785
3.606,1.07894,1.54705
3.607,1.57511,1.54824
3.608,1.56716,1.54905
3.609,1.70751,1.55579
3.61,1.55208,1.55563
3.611,1.25493,1.54284
3.612,1.64051,1.54699
3.613,1.28174,1.53571
3.614,1.56789,1.53708
3.615,1.69166,1.54365
3.616,1.43296,1.53894
3.617,1.68925,1.54534
3.618,1.21473,1.53127
3.619,1.28256,1.52069
3.62,1.33518,1.5128
3.621,1.94267,1.53109
3.622,0.744974,1.49764
3.623,1.01393,1.47706
3.624,1.5659,1.48084
3.625,1.06611,1.4632
3.626,1.46114,1.46311
3.627,1.60616,1.4692
3.628,1.41472,1.46688
3.629,0.981571,1.44623
3.63,1.6646,1.45552
3.631,1.26373,1.44736
3.632,1.40166,1.44542
3.633,0.766041,1.41652
3.634,1.29963,1.41154
3.635,1.30024,1.40681
3.636,1.5076,1.4111
3.637,1.65418,1.42144
3.638,1.43443,1.42199
3.639,1.57941,1.42869
3.64,1.23424,1.42042
3.641,1.56153,1.42642
3.642,1.23367,1.41822
3.643,1.4502,1.41958
3.644,1.51295,1.42355
3.645,1.20381,1.4142
3.646,1.33349,1.41077
3.647,0.990845,1.3929
3.648,1.7294,1.40722
3.649,1.04461,1.39179
3.65,1.22005,1.38449
3.651,0.933385,1.3653
3.652,1.41736,1.36751
3.653,1.22214,1.36133
3.654,1.16464,1.35296
3.655,1.54081,1.36095
3.656,1.04414,1.34747
3.657,0.950009,1.33056
3.658,1.35376,1.33155
3.659,1.56958,1.34168
3.66,0.935281,1.32439
3.661,1.5226,1.33282
3.662,1.06282,1.32133
3.663,1.5285,1.33015
3.664,1.33544,1.33037
3.665,1.41188,1.33384
3.666,1.40193,1.33674
3.667,0.918143,1.31893
3.668,0.937311,1.30269
3.669,0.954066,1.28786
3.67,1.12757,1.28104
3.671,1.164,1.27606
3.672,1.35763,1.27953
3.673,1.44484,1.28657
3.674,1.33752,1.28873
3.675,1.30706,1.28951
3.676,1.55505,1.30081
3.677,1.47535,1.30824
3.678,1.13296,1.30078
3.679,1.20813,1.29684
3.68,0.988103,1.2837
3.681,0.951961,1.26959
3.682,1.40391,1.2753
3.683,0.93087,1.26065
3.684,0.808343,1.24141
3.685,1.67343,1.25979
3.686,1.46394,1.26847
3.687,0.781108,1.24774
3.688,1.28672,1.2494
3.689,0.697167,1.2259
3.69,1.25163,1.227
3.691,1.11403,1.22219
3.692,1.04015,1.21445
3.693,1.12197,1.21051
3.694,1.13245,1.20719
3.695,0.967582,1.197
3.696,1.54066,1.21162
3.697,0.982805,1.20188
3.698,1.57663,1.21783
3.699,1.02933,1.20981
3.7,1.57987,1.22555
3.701,0.603461,1.19909
3.702,1.19073,1.19873
3.703,1.38051,1.20646
3.704,0.84459,1.19107
3.705,1.16675,1.19003
3.706,1.41523,1.19961
3.707,0.806126,1.18287
3.708,1.23538,1.18511
3.709,1.0542,1.17954
3.71,0.966905,1.17049
3.711,0.815291,1.15538
3.712,0.757748,1.13846
3.713,0.731343,1.12114
3.714,1.18231,1.12375
3.715,0.621767,1.10239
3.716,1.30451,1.11099
3.717,0.88095,1.1012
3.718,1.0769,1.10017
3.719,1.10337,1.1003
3.72,1.43812,1.11468
3.721,1.22878,1.11953
3.722,1.3661,1.13002
3.723,0.685085,1.11109
3.724,1.1736,1.11375
3.725,1.24883,1.1195
3.726,0.746604,1.10363
3.727,1.32807,1.11318
3.728,1.553,1.13189
3.729,0.973463,1.12515
3.73,0.684587,1.10641
3.731,0.796413,1.09322
3.732,0.946765,1.08699
3.733,0.767292,1.07339
3.734,1.3534,1.0853
3.735,1.20304,1.09031
3.736,1.32278,1.1002
3.737,1.35076,1.11086
3.738,1.35752,1.12135
3.739,0.749394,1.10553
3.74,1.25738,1.11199
3.741,1.27254,1.11882
3.742,0.96726,1.11237
3.743,1.03963,1.10928
3.744,1.35491,1.11973
3.745,1.25744,1.12559
3.746,0.692396,1.10716
3.747,0.825908,1.09519
3.748,0.61133,1.07461
3.749,1.10057,1.07571
3.75,0.925693,1.06933
3.751,0.865,1.06064
3.752,1.554,1.08163
3.753,1.24476,1.08857
3.754,1.06706,1.08765
3.755,0.868392,1.07832
3.756,1.01268,1.07553
3.757,1.1697,1.07954
3.758,1.04684,1.07815
3.759,0.697532,1.06195
3.76,0.826322,1.05193
3.761,1.11906,1.05478
3.762,1.35269,1.06746
3.763,0.9404,1.06205
3.764,1.18779,1.0674
3.765,0.602548,1.04763
3.766,1.00429,1.04578
3.767,1.34259,1.05841
3.768,0.746509,1.04514
3.769,1.49839,1.06442
3.77,1.00398,1.06185
3.771,1.05211,1.06144
3.772,0.569758,1.04052
3.773,1.46326,1.0585
3.774,1.35599,1.07116
3.775,0.68624,1.05478
3.776,0.876686,1.04721
3.777,1.44251,1.06402
3.778,0.794618,1.05256
3.779,0.831919,1.04318
3.78,1.08072,1.04477
3.781,1.76469,1.0754
3.782,0.708861,1.05981
3.783,0.452464,1.03397
3.784,0.431075,1.00832
3.785,1.23587,1.018
3.786,1.42529,1.03533
3.787,0.99023,1.03341
3.788,0.998135,1.03191
3.789,1.45385,1.04986
3.79,0.832497,1.04061
3.791,1.20121,1.04744
3.792,1.34928,1.06029
3.793,1.13516,1.06347
3.794,0.931768,1.05787
3.795,1.27648,1.06717
3.796,1.21821,1.07359
3.797,1.09668,1.07458
3.798,1.27283,1.08301
3.799,0.925823,1.07632
3.8,0.845232,1.06649
3.801,1.32182,1.07735
3.802,0.830106,1.06684
3.803,1.09425,1.068
3.804,1.35854,1.08036
3.805,0.958089,1.07516
3.806,0.908904,1.06809
3.807,0.865079,1.05945
3.808,1.12553,1.06226
3.809,0.821038,1.052
3.81,0.885061,1.0449
3.811,1.25762,1.05395
3.812,0.929741,1.04866
3.813,1.10967,1.05126
3.814,1.29924,1.06181
3.815,1.30235,1.07204
3.816,1.08901,1.07276
3.817,1.03781,1.07128
3.818,1.51508,1.09016
3.819,0.988236,1.08582
3.82,0.808981,1.07404
3.821,0.773396,1.06125
3.822,1.16431,1.06564
3.823,1.02562,1.06394
3.824,1.2087,1.07009
3.825,1.39658,1.08398
3.826,1.16143,1.08728
3.827,0.862796,1.07773
3.828,1.31768,1.08794
3.829,1.24316,1.09454
3.83,0.730224,1.07904
3.831,1.38636,1.09212
3.832,1.29083,1.10057
3.833,0.898888,1.09199
3.834,1.05673,1.09049
3.835,1.37027,1.10239
3.836,0.965732,1.09658
3.837,0.872818,1.08706
3.838,1.50998,1.10505
3.839,0.936222,1.09787
3.84,0.721598,1.08186
3.841,0.693159,1.06532
3.842,0.766183,1.0526
3.843,0.968238,1.04901
3.844,1.07084,1.04994
3.845,0.681333,1.03426
3.846,1.05814,1.03527
3.847,1.22401,1.0433
3.848,1.0408,1.04319
3.849,0.962509,1.03976
3.85,0.752886,1.02756
3.851,1.29085,1.03876
3.852,1.03628,1.03865
3.853,1.13862,1.04291
3.854,1.18253,1.04885
3.855,1.33529,1.06103
3.856,0.646464,1.04339
3.857,0.658269,1.02701
3.858,1.1623,1.03277
3.859,0.927558,1.02829
3.86,1.09888,1.03129
3.861,1.34564,1.04467
3.862,0.609873,1.02617
3.863,0.805942,1.0168
3.864,0.887623,1.0113
3.865,1.16063,1.01766
3.866,1.2537,1.0277
3.867,1.43034,1.04483
3.868,0.892154,1.03833
3.869,0.950171,1.03458
3.87,1.07931,1.03649
3.871,0.736175,1.02371
3.872,1.12309,1.02794
3.873,0.842642,1.02005
3.874,1.24621,1.02968
3.875,0.678344,1.01473
3.876,1.15246,1.02059
3.877,0.921864,1.01639
3.878,0.770394,1.00592
3.879,1.11238,1.01045
3.88,1.17719,1.01755
3.881,0.707166,1.00434
3.882,0.870048,0.998628
3.883,0.870572,0.99318
3.884,1.00731,0.993781
3.885,0.921084,0.990688
3.886,1.22299,1.00057
3.887,0.8839,0.995608
3.888,1.46054,1.01539
3.889,1.16544,1.02177
3.89,1.18871,1.02887
3.891,0.709762,1.0153
3.892,0.97642,1.01364
3.893,1.26979,1.02454
3.894,0.992892,1.02319
3.895,0.706826,1.00973
3.896,1.06393,1.01204
3.897,0.772831,1.00186
3.898,1.44264,1.02062
3.899,0.899702,1.01547
3.9,0.641532,0.999563
3.901,0.960617,0.997906
3.902,1.06713,1.00085
3.903,0.881374,0.995768
3.904,0.864002,0.990162
3.905,0.726442,0.978943
3.906,0.870619,0.974334
3.907,0.919851,0.972016
3.908,1.4897,0.99404
3.909,0.505437,0.973254
3.91,0.893095,0.969843
3.911,0.779271,0.961736
3.912,0.851984,0.957067
3.913,0.968918,0.957571
3.914,0.920926,0.956012
3.915,1.18609,0.9658
3.916,0.866752,0.961586
3.917,0.50029,0.941961
3.918,0.750431,0.933813
3.919,1.27444,0.948304
3.92,0.329419,0.921975
3.921,0.934105,0.922491
3.922,1.10302,0.930171
3.923,0.393674,0.907347
3.924,1.28299,0.923328
3.925,1.10682,0.931134
3.926,1.1192,0.939135
3.927,1.00016,0.941731
3.928,1.0469,0.946205
3.929,1.04103,0.950239
3.93,1.2204,0.961733
3.931,1.47413,0.983532
3.932,0.957086,0.982407
3.933,0.842792,0.976467
3.934,1.33844,0.991867
3.935,1.04437,0.9941
3.936,0.562596,0.975743
3.937,1.06378,0.979488
3.938,0.810417,0.972295
3.939,0.759917,0.96326
3.94,1.32769,0.978764
3.941,1.13906,0.985584
3.942,1.01306,0.986753
3.943,1.24567,0.997768
3.944,1.00084,0.997899
3.945,0.993354,0.997705
3.946,0.639159,0.982452
3.947,0.964133,0.981672
3.948,0.53263,0.962569
3.949,0.702853,0.951519
3.95,0.928259,0.95053
3.951,0.879183,0.947495
3.952,0.61863,0.933504
3.953,1.69571,0.96593
3.954,0.948158,0.965174
3.955,0.792873,0.957844
3.956,0.987138,0.95909
3.957,0.832496,0.953704
3.958,1.03515,0.957169
3.959,1.51993,0.981111
3.96,1.0274,0.98308
3.961,0.987718,0.983277
3.962,1.02446,0.985029
3.963,1.08691,0.989364
3.964,1.08438,0.993406
3.965,0.791248,0.984805
3.966,1.24041,0.99568
3.967,0.862337,0.990007
3.968,1.31418,1.0038
3.969,1.14492,1.0098
3.97,1.12944,1.01489
3.971,1.46197,1.03391
3.972,1.09136,1.03636
3.973,1.14912,1.04115
3.974,1.29959,1.05215
3.975,0.687956,1.03665
3.976,1.25499,1.04594
3.977,1.16929,1.05119
3.978,1.31556,1.06244
3.979,1.02339,1.06078
3.98,1.25926,1.06922
3.981,1.15556,1.07289
3.982,0.99424,1.06955
3.983,0.783791,1.05739
3.984,0.954518,1.05301
3.985,1.01328,1.05132
3.986,1.16267,1.05606
3.987,1.2441,1.06406
3.988,1.23763,1.07144
3.989,0.933465,1.06557
3.99,1.0717,1.06583
3.991,0.86939,1.05748
3.992,0.380992,1.0287
3.993,0.676437,1.01371
3.994,0.773312,1.00348
3.995,0.874714,0.998005
3.996,0.81922,0.990399
3.997,0.87394,0.985445
3.998,0.502181,0.964885
3.999,1.09492,0.970417
4,1.23416,0.981638
4.001,0.640241,0.967113
4.002,1.25528,0.979373
4.003,0.740046,0.969191
4.004,1.08876,0.974278
4.005,1.79347,1.00913
4.006,0.861421,1.00285
4.007,1.09898,1.00693
4.008,1.19818,1.01507
4.009,1.045,1.01634
4.01,1.11957,1.02074
4.011,1.1546,1.02643
4.012,0.788011,1.01629
4.013,1.16777,1.02273
4.014,1.17807,1.02934
4.015,0.588039,1.01057
4.016,0.662605,0.995763
4.017,1.24341,1.0063
4.018,1.14989,1.01241
4.019,1.00224,1.01198
4.02,1.10436,1.01591
4.021,1.34936,1.03009
4.022,0.985998,1.02822
4.023,1.10791,1.03161
4.024,1.22309,1.03975
4.025,0.905249,1.03403
4.026,1.45866,1.0521
4.027,1.23532,1.05989
4.028,0.812114,1.04935
4.029,0.949554,1.0451
4.03,1.18076,1.05088
4.031,0.851225,1.04238
4.032,0.851866,1.03428
4.033,1.13317,1.03848
4.034,0.766945,1.02693
4.035,0.95771,1.02399
4.036,1.26208,1.03412
4.037,1.06122,1.03527
4.038,1.44126,1.05254
4.039,0.780977,1.04099
4.04,1.12615,1.04461
4.041,1.3816,1.05895
4.042,1.31402,1.0698
4.043,0.635112,1.05131
4.044,0.919761,1.04571
4.045,1.01608,1.04445
4.046,0.945753,1.04025
4.047,1.14431,1.04468
4.048,0.788793,1.03379
4.049,1.18894,1.04039
4.05,0.850516,1.03231
4.051,0.961046,1.02928
4.052,0.803759,1.01969
4.053,0.969083,1.01753
4.054,1.18235,1.02455
4.055,1.02696,1.02465
4.056,0.751924,1.01305
4.057,0.922204,1.00918
4.058,1.27414,1.02045
4.059,1.09089,1.02345
4.06,1.12012,1.02756
4.061,1.32886,1.04038
4.062,0.934803,1.03589
4.063,1.15977,1.04116
4.064,0.51736,1.01888
4.065,1.1082,1.02268
4.066,1.25012,1.03235
4.067,1.12957,1.03649
4.068,0.94387,1.03255
4.069,1.32907,1.04516
4.07,0.841415,1.03649
4.071,1.1414,1.04096
4.072,1.23797,1.04934
4.073,1.25599,1.05813
4.074,1.28327,1.06771
4.075,0.791458,1.05596
4.076,0.991936,1.05323
4.077,1.11697,1.05594
4.078,0.964262,1.05204
4.079,1.05921,1.05235
4.08,1.3888,1.06666
4.081,0.921653,1.06049
4.082,1.22535,1.06751
4.083,1.18467,1.07249
4.084,0.861569,1.06352
4.085,1.11211,1.06558
4.086,1.01864,1.06359
4.087,1.21182,1.06989
4.088,1.1699,1.07415
4.089,1.41505,1.08865
4.09,0.785251,1.07574
4.091,1.0315,1.07386
4.092,1.25925,1.08175
4.093,1.01985,1.07911
4.094,1.08141,1.07921
4.095,1.3083,1.08896
4.096,1.25261,1.09592
4.097,1.40364,1.10901
4.098,1.01822,1.10515
4.099,1.24747,1.1112
4.1,1.1723,1.1138
4.101,0.960727,1.10729
4.102,1.59138,1.12789
4.103,0.931268,1.11952
4.104,1.18431,1.12228
4.105,0.810216,1.109
4.106,1.10805,1.10896
4.107,1.15253,1.11081
4.108,1.13071,1.11166
4.109,0.814972,1.09904
4.11,1.01098,1.09529
4.111,1.25773,1.1022
4.112,1.39883,1.11482
4.113,1.26917,1.12139
4.114,1.65672,1.14416
4.115,1.43721,1.15663
4.116,1.20359,1.15863
4.117,1.51125,1.17363
4.118,1.51272,1.18806
4.119,0.519246,1.1596
4.12,1.24075,1.16306
4.121,1.25855,1.16712
4.122,0.542358,1.14054
4.123,0.837383,1.12764
4.124,1.21107,1.13119
4.125,1.03779,1.12722
4.126,1.28005,1.13372
4.127,1.2989,1.14075
4.128,1.15617,1.1414
4.129,1.21754,1.14464
4.13,1.17565,1.14596
4.131,1.11268,1.14454
4.132,1.1867,1.14634
4.133,1.06108,1.14271
4.134,1.09135,1.14053
4.135,1.09809,1.13872
4.136,1.0963,1.13692
4.137,0.827694,1.12376
4.138,1.19601,1.12683
4.139,1.69118,1.15084
4.14,1.7797,1.1776
4.141,1.05482,1.17237
4.142,1.22035,1.17441
4.143,0.858274,1.16097
4.144,1.4207,1.17201
4.145,1.48154,1.18518
4.146,1.27666,1.18908
4.147,1.06227,1.18368
4.148,0.866779,1.1702
4.149,1.15936,1.16974
4.15,0.774054,1.1529
4.151,1.01862,1.14719
4.152,1.26565,1.15223
4.153,1.40395,1.16294
4.154,1.39646,1.17287
4.155,1.18021,1.17319
4.156,1.2333,1.17574
4.157,1.00931,1.16866
4.158,1.02889,1.16272
4.159,1.37154,1.1716
4.16,1.16714,1.17141
4.161,1.31529,1.17753
4.162,0.929152,1.16696
4.163,1.39281,1.17657
4.164,1.43051,1.18738
4.165,1.20669,1.1882
4.166,1.08148,1.18366
4.167,1.17054,1.1831
4.168,1.17567,1.18278
4.169,1.5659,1.19908
4.17,1.38563,1.20702
4.171,0.984492,1.19755
4.172,1.21725,1.19839
4.173,0.715347,1.17784
4.174,1.08585,1.17393
4.175,1.22366,1.17604
4.176,1.19569,1.17688
4.177,1.13837,1.17524
4.178,1.45948,1.18733
4.179,0.927222,1.17627
4.18,0.74522,1.15793
4.181,1.55742,1.17492
4.182,1.42359,1.1855
4.183,0.927414,1.17452
4.184,1.28993,1.17943
4.185,1.01808,1.17257
4.186,1.6263,1.19187
4.187,1.4056,1.20096
4.188,1.45745,1.21188
4.189,1.3996,1.21986
4.19,1.10856,1.21513
4.191,1.42076,1.22388
4.192,1.19366,1.22259
4.193,0.890343,1.20846
4.194,1.45498,1.21894
4.195,1.62903,1.23639
4.196,1.54432,1.24949
4.197,1.51282,1.26069
4.198,1.46299,1.2693
4.199,1.40268,1.27497
4.2,0.993887,1.26302
4.201,1.10155,1.25615
4.202,1.32106,1.25891
4.203,1.38483,1.26427
4.204,1.79331,1.28677
4.205,1.36202,1.28997
4.206,1.18569,1.28554
4.207,1.5877,1.29839
4.208,0.989036,1.28523
4.209,1.07605,1.27633
4.21,0.469947,1.24203
4.211,1.03699,1.2333
4.212,1.18651,1.23131
4.213,1.02521,1.22254
4.214,1.58279,1.23787
4.215,1.16961,1.23497
4.216,1.39928,1.24196
4.217,1.39373,1.24841
4.218,1.30618,1.25087
4.219,1.51778,1.26223
4.22,1.02626,1.25219
4.221,1.21458,1.25059
4.222,1.33993,1.25439
4.223,1.54153,1.2666
4.224,1.4761,1.27552
4.225,1.39432,1.28057
4.226,1.21951,1.27797
4.227,1.01455,1.26677
4.228,0.679117,1.24177
4.229,1.55077,1.25491
4.23,1.07442,1.24723
4.231,1.55326,1.26025
4.232,1.37234,1.26502
4.233,1.37021,1.2695
4.234,0.987881,1.25752
4.235,1.33864,1.26097
4.236,1.57967,1.27453
4.237,1.05692,1.26527
4.238,1.53132,1.27659
4.239,0.945641,1.26251
4.24,1.37318,1.26722
4.241,1.17572,1.26332
4.242,1.52287,1.27437
4.243,1.35904,1.27797
4.244,1.06074,1.26873
4.245,1.38262,1.27357
4.246,1.12423,1.26722
4.247,1.27129,1.26739
4.248,0.99865,1.25596
4.249,1.24933,1.25568
4.25,1.31583,1.25823
4.251,2.05646,1.29219
4.252,1.18936,1.28782
4.253,1.48259,1.29611
4.254,0.999456,1.28348
4.255,1.47665,1.2917
4.256,1.54187,1.30235
4.257,1.00349,1.28963
4.258,1.51539,1.29924
4.259,1.30671,1.29955
4.26,1.13435,1.29253
4.261,1.18561,1.28798
4.262,1.83626,1.3113
4.263,1.20525,1.30679
4.264,1.69841,1.32345
4.265,1.63885,1.33687
4.266,1.08461,1.32614
4.267,1.64236,1.33959
4.268,1.21717,1.33438
4.269,1.18663,1.3281
4.27,1.37195,1.32996
4.271,1.39453,1.33271
4.272,1.34161,1.33309
4.273,1.45733,1.33837
4.274,1.4432,1.34283
4.275,1.52979,1.35079
4.276,1.27753,1.34767
4.277,1.74115,1.36441
4.278,1.59611,1.37427
4.279,1.95708,1.39906
4.28,1.15897,1.38885
4.281,1.34001,1.38677
4.282,1.18862,1.37834
4.283,1.63799,1.38939
4.284,1.04083,1.37456
4.285,1.52892,1.38113
4.286,1.47953,1.38531
4.287,1.77163,1.40175
4.288,1.51779,1.40668
4.289,1.59985,1.4149
4.29,1.54733,1.42054
4.291,1.72901,1.43366
4.292,2.18671,1.4657
4.293,1.8007,1.47995
4.294,1.35644,1.47469
4.295,1.47576,1.47474
4.296,1.12753,1.45997
4.297,1.58009,1.46508
4.298,1.61968,1.47166
4.299,1.2584,1.46258
4.3,1.62409,1.46945
4.301,1.68274,1.47853
4.302,1.30446,1.47112
4.303,1.28047,1.46301
4.304,1.62611,1.46995
4.305,2.09445,1.49652
4.306,1.60827,1.50127
4.307,1.66686,1.50832
4.308,1.65365,1.5145
4.309,1.33048,1.50667
4.31,2.10301,1.53204
4.311,1.63401,1.53638
4.312,1.49021,1.53442
4.313,1.87051,1.54871
4.314,1.51806,1.54741
4.315,1.33126,1.53821
4.316,1.40432,1.53252
4.317,1.42885,1.52811
4.318,1.59701,1.53104
4.319,1.62472,1.53502
4.32,1.34046,1.52675
4.321,1.3801,1.52051
4.322,2.25116,1.55159
4.323,1.35476,1.54322
4.324,1.95781,1.56086
4.325,1.30144,1.54982
4.326,1.34256,1.541
4.327,1.54354,1.54111
4.328,1.89591,1.5562
4.329,1.4732,1.55267
4.33,1.4063,1.54645
4.331,1.6236,1.54973
4.332,1.3165,1.53981
4.333,1.65339,1.54464
4.334,1.64942,1.5491
4.335,1.65716,1.55369
4.336,1.41456,1.54777
4.337,1.46461,1.54424
4.338,1.64865,1.54868
4.339,1.70624,1.55538
4.34,1.143,1.53784
4.341,1.81436,1.5496
4.342,1.36467,1.54173
4.343,1.81485,1.55335
4.344,1.51492,1.55172
4.345,1.6239,1.55479
4.346,1.46003,1.55076
4.347,1.69513,1.5569
4.348,1.68287,1.56226
4.349,1.75305,1.57038
4.35,1.62195,1.57257
4.351,1.37211,1.56404
4.352,1.83984,1.57578
4.353,1.57313,1.57566
4.354,2.43607,1.61227
4.355,2.41896,1.64659
4.356,1.38166,1.63532
4.357,1.59453,1.63358
4.358,1.52119,1.6288
4.359,1.74105,1.63357
4.36,1.75649,1.6388
4.361,1.65445,1.63947
4.362,1.84453,1.64819
4.363,1.61112,1.64662
4.364,1.83059,1.65444
4.365,2.36697,1.68476
4.366,2.12235,1.70337
4.367,2.03256,1.71738
4.368,1.6305,1.71368
4.369,1.65921,1.71136
4.37,1.61676,1.70734
4.371,1.63511,1.70427
4.372,1.6817,1.70331
4.373,1.62426,1.69994
4.374,1.7534,1.70222
4.375,2.09061,1.71874
4.376,1.59619,1.71353
4.377,1.85105,1.71938
4.378,1.11642,1.69373
4.379,1.58275,1.68901
4.38,1.91752,1.69873
4.381,1.82977,1.7043
4.382,1.51891,1.69641
4.383,1.51479,1.68869
4.384,1.83996,1.69512
4.385,1.92779,1.70502
4.386,1.68777,1.70429
4.387,0.950662,1.67223
4.388,1.99829,1.6861
4.389,1.99035,1.69904
4.39,1.9327,1.70898
4.391,1.65869,1.70684
4.392,2.14456,1.72547
4.393,1.73993,1.72608
4.394,1.35862,1.71045
4.395,1.82174,1.71518
4.396,2.12606,1.73266
4.397,1.87951,1.73891
4.398,1.49611,1.72858
4.399,2.04583,1.74208
4.4,1.90206,1.74888
4.401,1.8294,1.75231
4.402,1.93546,1.7601
4.403,1.20395,1.73644
4.404,1.68703,1.73434
4.405,1.97092,1.7444
4.406,1.5856,1.73765
4.407,1.65142,1.73398
4.408,2.25857,1.7563
4.409,1.43674,1.7427
4.41,1.68396,1.7402
4.411,1.60619,1.7345
4.412,1.72313,1.73402
4.413,1.61164,1.72881
4.414,2.47124,1.7604
4.415,1.63982,1.75527
4.416,1.7757,1.75614
4.417,2.11449,1.77138
4.418,2.09417,1.78511
4.419,2.4575,1.81372
4.42,2.20574,1.8304
4.421,2.09645,1.84172
4.422,1.92827,1.8454
4.423,1.67992,1.83836
4.424,2.20599,1.854
4.425,2.29061,1.87257
4.426,1.71419,1.86584
4.427,1.7591,1.86129
4.428,1.80291,1.85881
4.429,1.68103,1.85125
4.43,1.91901,1.85413
4.431,1.86217,1.85447
4.432,1.8827,1.85567
4.433,1.84404,1.85518
4.434,1.95565,1.85945
4.435,2.18448,1.87328
4.436,2.08245,1.88218
4.437,1.84618,1.88065
4.438,1.55331,1.86672
4.439,2.00246,1.8725
4.44,2.24853,1.88849
4.441,2.01118,1.89371
4.442,2.03972,1.89993
4.443,1.66173,1.88979
4.444,1.51463,1.87383
4.445,2.17897,1.88681
4.446,2.23905,1.9018
4.447,1.72175,1.89414
4.448,2.04023,1.90035
4.449,1.9362,1.90188
4.45,1.87897,1.9009
4.451,2.06132,1.90773
4.452,2.14641,1.91788
4.453,2.18075,1.92907
4.454,1.91593,1.92851
4.455,2.09708,1.93568
4.456,2.19449,1.94669
4.457,1.98973,1.94852
4.458,2.0253,1.95179
4.459,1.68099,1.94027
4.46,1.50942,1.92194
4.461,2.44257,1.94409
4.462,2.30675,1.95952
4.463,1.96988,1.95996
4.464,1.98125,1.96086
4.465,2.25352,1.97331
4.466,2.18961,1.98251
4.467,2.3044,1.99621
4.468,2.23901,2.00654
4.469,1.94874,2.00408
4.47,2.09419,2.00791
4.471,1.9562,2.00571
4.472,1.68441,1.99204
4.473,2.07813,1.99571
4.474,2.14166,2.00192
4.475,2.21835,2.01112
4.476,1.62029,1.9945
4.477,2.22587,2.00434
4.478,1.75377,1.99368
4.479,2.3067,2.007
4.48,2.20431,2.01539
4.481,2.50454,2.0362
4.482,2.20199,2.04325
4.483,2.58194,2.06617
4.484,2.19113,2.07149
4.485,2.31049,2.08166
4.486,2.41988,2.09605
4.487,2.23283,2.10186
4.488,2.42088,2.11544
4.489,2.01575,2.1112
4.49,2.42408,2.12451
4.491,2.04377,2.12107
4.492,2.23246,2.12581
4.493,1.85178,2.11415
4.494,1.9472,2.10705
4.495,1.94853,2.10031
4.496,2.30379,2.10896
4.497,2.27293,2.11594
4.498,2.23356,2.12094
4.499,2.12723,2.12121
4.5,2.1663,2.12313
4.501,2.36316,2.13334
4.502,2.21815,2.13695
4.503,2.44964,2.15025
4.504,2.13282,2.14951
4.505,1.99317,2.14286
4.506,2.42762,2.15497
4.507,1.78357,2.13917
4.508,2.33991,2.14771
4.509,2.00499,2.14164
4.51,2.07595,2.13885
4.511,2.09825,2.13712
4.512,1.91767,2.12778
4.513,2.65831,2.15035
4.514,2.51474,2.16586
4.515,2.28928,2.17111
4.516,1.89499,2.15936
4.517,2.34599,2.1673
4.518,2.22805,2.16988
4.519,2.40682,2.17996
4.52,2.2916,2.18471
4.521,2.14262,2.18292
4.522,2.35001,2.19003
4.523,2.40222,2.19906
4.524,2.31757,2.2041
4.525,1.98901,2.19495
4.526,2.56076,2.21051
4.527,2.38581,2.21797
4.528,1.98104,2.20789
4.529,2.3186,2.2126
4.53,2.06031,2.20612
4.531,1.95124,2.19528
4.532,2.07827,2.1903
4.533,1.55291,2.16318
4.534,2.54482,2.17942
4.535,2.01628,2.17248
4.536,2.39025,2.18174
4.537,2.19067,2.18212
4.538,1.84815,2.16791
4.539,2.19376,2.16901
4.54,2.68592,2.19101
4.541,2.14159,2.1889
4.542,2.51804,2.20291
4.543,2.15354,2.20081
4.544,2.38756,2.20875
4.545,2.62394,2.22641
4.546,2.56364,2.24076
4.547,2.21034,2.23947
4.548,2.48472,2.2499
4.549,2.37635,2.25528
4.55,2.24542,2.25486
4.551,2.76797,2.27669
4.552,2.51528,2.28684
4.553,2.54687,2.2979
4.554,2.22316,2.29472
4.555,2.70278,2.31208
4.556,2.79795,2.33275
4.557,2.31503,2.332
4.558,2.04101,2.31962
4.559,1.97875,2.30512
4.56,2.3461,2.30686
4.561,2.49192,2.31473
4.562,2.31278,2.31465
4.563,1.88386,2.29632
4.564,2.21728,2.29296
4.565,2.76606,2.31309
4.566,2.78751,2.33327
4.567,2.18739,2.32707
4.568,2.37145,2.32895
4.569,1.97854,2.31405
4.57,2.54688,2.32395
4.571,2.01728,2.3109
4.572,2.45974,2.31724
4.573,2.741,2.33527
4.574,1.95101,2.31892
4.575,2.44638,2.32434
4.576,2.55268,2.33405
4.577,2.73619,2.35116
4.578,2.69222,2.36567
4.579,2.58027,2.3748
4.58,2.60009,2.38439
4.581,2.57774,2.39261
4.582,3.21206,2.42747
4.583,2.38977,2.42587
4.584,2.29752,2.42041
4.585,2.58736,2.42751
4.586,2.43486,2.42783
4.587,2.96464,2.45066
4.588,2.30729,2.44456
4.589,2.39698,2.44254
4.59,2.2797,2.43561
4.591,2.46753,2.43697
4.592,2.62447,2.44495
4.593,2.35593,2.44116
4.594,2.3532,2.43742
4.595,2.66348,2.44704
4.596,2.58466,2.45289
4.597,2.6263,2.46027
4.598,2.76736,2.47333
4.599,2.6543,2.48103
4.6,2.42558,2.47867
4.601,2.46579,2.47812
4.602,2.71406,2.48816
4.603,2.38228,2.48366
4.604,2.89628,2.50121
4.605,2.31343,2.49322
4.606,2.44226,2.49105
4.607,2.4728,2.49028
4.608,2.18836,2.47743
4.609,2.57991,2.48179
4.61,2.16876,2.46848
4.611,2.70715,2.47863
4.612,2.77128,2.49108
4.613,2.56538,2.49424
4.614,2.22999,2.483
4.615,2.79368,2.49622
4.616,2.29605,2.4877
4.617,2.88465,2.50459
4.618,2.44981,2.50226
4.619,2.50451,2.50235
4.62,2.70394,2.51093
4.621,2.75081,2.52114
4.622,2.91276,2.5378
4.623,2.56733,2.53905
4.624,2.50636,2.53766
4.625,2.73772,2.54617
4.626,2.88894,2.56076
4.627,2.36825,2.55257
4.628,2.98625,2.57102
4.629,2.40532,2.56397
4.63,2.79598,2.57384
4.631,2.85494,2.5858
4.632,2.84359,2.59676
4.633,2.56218,2.59529
4.634,2.44096,2.58873
4.635,3.04886,2.6083
4.636,2.52889,2.60492
4.637,2.32809,2.59315
4.638,2.65712,2.59587
4.639,3.007,2.61336
4.64,2.5403,2.61025
4.641,2.79112,2.61795
4.642,2.54263,2.61474
4.643,2.60537,2.61434
4.644,2.75946,2.62052
4.645,2.81625,2.62884
4.646,3.07191,2.64769
4.647,2.45696,2.63958
4.648,2.68992,2.64172
4.649,2.83116,2.64978
4.65,2.65277,2.64991
4.651,2.9976,2.6647
4.652,2.55122,2.65987
4.653,3.07565,2.67756
4.654,2.87927,2.68614
4.655,2.68332,2.68602
4.656,2.58932,2.68191
4.657,3.00143,2.6955
4.658,2.79584,2.69977
4.659,2.50539,2.6915
4.66,2.73147,2.6932
4.661,3.0473,2.70827
4.662,2.4468,2.69714
4.663,2.8194,2.70234
4.664,2.88965,2.71031
4.665,2.92819,2.71958
4.666,3.21673,2.74073
4.667,2.45904,2.72875
4.668,2.84929,2.73388
4.669,2.68657,2.73186
4.67,3.10827,2.74788
4.671,2.79646,2.74994
4.672,2.91254,2.75686
4.673,3.09712,2.77134
4.674,3.02166,2.78199
4.675,2.75384,2.78079
4.676,3.10663,2.79465
4.677,2.71264,2.79116
4.678,2.85689,2.79396
4.679,3.22933,2.81248
4.68,3.12172,2.82564
4.681,2.94301,2.83063
4.682,3.2907,2.8502
4.683,2.98214,2.85582
4.684,2.86759,2.85632
4.685,2.8795,2.8573
4.686,2.83091,2.85618
4.687,3.00315,2.86243
4.688,3.03335,2.8697
4.689,3.12832,2.88071
4.69,3.13397,2.89148
4.691,2.5002,2.87483
4.692,3.34301,2.89475
4.693,3.10238,2.90359
4.694,2.39168,2.88181
4.695,2.95408,2.88488
4.696,2.68438,2.87635
4.697,2.66308,2.86728
4.698,3.01729,2.87366
4.699,2.95588,2.87716
4.7,2.7058,2.86987
4.701,3.00414,2.87558
4.702,3.1515,2.88732
4.703,2.73556,2.88086
4.704,2.90691,2.88197
4.705,3.24741,2.89752
4.706,3.17972,2.90952
4.707,2.80825,2.90522
4.708,3.21866,2.91855
4.709,2.9065,2.91804
4.71,3.14223,2.92758
4.711,2.6405,2.91536
4.712,2.92288,2.91568
4.713,2.46611,2.89656
4.714,2.97705,2.89998
4.715,2.52734,2.88413
4.716,2.82204,2.88149
4.717,2.87632,2.88127
4.718,3.34209,2.90087
4.719,3.13332,2.91076
4.72,2.99106,2.91418
4.721,3.14392,2.92395
4.722,2.71614,2.91511
4.723,3.23721,2.92881
4.724,3.08352,2.9354
4.725,2.86837,2.93254
4.726,3.05119,2.93759
4.727,2.97112,2.93902
4.728,3.34535,2.9563
4.729,3.1537,2.9647
4.73,2.68237,2.95269
4.731,3.00672,2.95499
4.732,2.64691,2.94188
4.733,3.69223,2.97381
4.734,3.09236,2.97885
4.735,2.73498,2.96847
4.736,3.7027,2.99971
4.737,2.89934,2.99544
4.738,3.09729,2.99977
4.739,3.03593,3.00131
4.74,3.28129,3.01322
4.741,3.14976,3.01903
4.742,3.00546,3.01845
4.743,3.23652,3.02773
4.744,2.83143,3.01938
4.745,3.06911,3.0215
4.746,3.14542,3.02677
4.747,3.18174,3.03336
4.748,3.06085,3.03453
4.749,3.50269,3.05445
4.75,3.39371,3.06888
4.751,3.21368,3.07504
4.752,3.28524,3.08398
4.753,3.26521,3.09169
4.754,3.02275,3.08876
4.755,3.33782,3.09936
4.756,2.96067,3.09346
4.757,2.57226,3.07128
4.758,2.96764,3.06687
4.759,3.02648,3.06516
4.76,3.19418,3.07064
4.761,3.39826,3.08458
4.762,3.53928,3.10393
4.763,3.50524,3.121
4.764,3.39261,3.13256
4.765,3.07513,3.13011
4.766,3.52167,3.14677
4.767,2.48731,3.11871
4.768,2.90906,3.1098
4.769,3.05999,3.10768
4.77,3.21696,3.11233
4.771,3.11565,3.11247
4.772,3.20766,3.11652
4.773,3.58709,3.13654
4.774,3.24151,3.141
4.775,3.44802,3.15406
4.776,2.91217,3.14377
4.777,3.32084,3.15131
4.778,3.10012,3.14913
4.779,3.11259,3.14757
4.78,3.03841,3.14293
4.781,3.43624,3.15541
4.782,3.52921,3.17131
4.783,3.50184,3.18537
4.784,3.2954,3.19005
4.785,3.51242,3.20377
4.786,3.57183,3.21943
4.787,2.92679,3.20698
4.788,3.23067,3.20799
4.789,3.09233,3.20307
4.79,3.24862,3.205
4.791,3.28954,3.2086
4.792,3.34847,3.21455
4.793,3.16127,3.21228
4.794,3.16851,3.21042
4.795,3.70649,3.23153
4.796,3.42164,3.23961
4.797,3.45222,3.24866
4.798,3.30506,3.25106
4.799,3.50498,3.26186
4.8,3.52349,3.27299
4.801,3.32008,3.27499
4.802,3.28402,3.27538
4.803,3.43736,3.28227
4.804,3.4318,3.28863
4.805,3.74783,3.30817
4.806,3.44028,3.31379
4.807,3.67816,3.32929
4.808,3.65532,3.34316
4.809,3.12114,3.33371
4.81,3.13624,3.32531
4.811,3.8007,3.34554
4.812,3.52527,3.35318
4.813,3.57324,3.36255
4.814,3.5149,3.36903
4.815,3.86639,3.39019
4.816,2.96999,3.37231
4.817,3.26771,3.36786
4.818,3.05835,3.35469
4.819,3.58086,3.36431
4.82,3.25391,3.35962
4.821,3.08271,3.34784
4.822,3.6307,3.35987
4.823,3.40614,3.36184
4.824,3.60935,3.37237
4.825,3.53685,3.37937
4.826,3.63765,3.39035
4.827,3.44697,3.39276
4.828,3.31891,3.38962
4.829,3.27209,3.38462
4.83,3.72254,3.399
4.831,3.60286,3.40767
4.832,3.43155,3.40869
4.833,3.07272,3.39439
4.834,3.46068,3.39721
4.835,3.57018,3.40457
4.836,3.63826,3.41451
4.837,3.51682,3.41887
4.838,3.53562,3.42383
4.839,3.35523,3.42091
4.84,3.98192,3.44478
4.841,3.73798,3.45726
4.842,3.46411,3.45755
4.843,3.79245,3.47179
4.844,3.37324,3.4676
4.845,3.31787,3.46123
4.846,3.37438,3.45754
4.847,3.76711,3.47071
4.848,3.50409,3.47213
4.849,3.46791,3.47195
4.85,3.62775,3.47858
4.851,3.28379,3.47029
4.852,3.1862,3.4582
4.853,3.87108,3.47577
4.854,3.66501,3.48382
4.855,3.77252,3.4961
4.856,3.95337,3.51556
4.857,3.72277,3.52437
4.858,3.47656,3.52234
4.859,3.7762,3.53314
4.86,4.06214,3.55564
4.861,3.57568,3.5565
4.862,4.09896,3.57957
4.863,3.33579,3.5692
4.864,3.25246,3.55573
4.865,3.81026,3.56656
4.866,3.54292,3.56555
4.867,3.52071,3.56364
4.868,3.46155,3.5593
4.869,3.6376,3.56263
4.87,4.10177,3.58557
4.871,3.58631,3.5856
4.872,3.52815,3.58315
4.873,3.94212,3.59843
4.874,3.4667,3.59282
4.875,3.04665,3.56959
4.876,3.48736,3.56609
4.877,3.46186,3.56165
4.878,3.9608,3.57863
4.879,3.82757,3.58923
4.88,3.59589,3.58951
4.881,3.5007,3.58573
4.882,3.53892,3.58374
4.883,3.46576,3.57872
4.884,3.74429,3.58576
4.885,4.07456,3.60656
4.886,4.22014,3.63266
4.887,3.69328,3.63524
4.888,3.47212,3.6283
4.889,3.12227,3.60677
4.89,3.4954,3.60204
4.891,3.7593,3.60873
4.892,4.07429,3.62853
4.893,3.88395,3.6394
4.894,3.34738,3.62698
4.895,3.58187,3.62506
4.896,3.50467,3.61993
4.897,3.6493,3.62118
4.898,3.73285,3.62594
4.899,3.73121,3.63041
4.9,4.01516,3.64678
4.901,3.72145,3.64996
4.902,3.77958,3.65547
4.903,3.68602,3.65677
4.904,3.69348,3.65833
4.905,3.81281,3.66491
4.906,4.06837,3.68207
4.907,3.85501,3.68943
4.908,3.88304,3.69767
4.909,3.24555,3.67843
4.91,3.50701,3.67114
4.911,3.51355,3.66443
4.912,3.72232,3.6669
4.913,3.98432,3.6804
4.914,3.40495,3.66868
4.915,3.91376,3.67911
4.916,4.34866,3.70759
4.917,3.86526,3.7143
4.918,4.01158,3.72695
4.919,3.46498,3.7158
4.92,4.05293,3.73015
4.921,4.10445,3.74607
4.922,4.07264,3.75996
4.923,3.32535,3.74147
4.924,3.71955,3.74054
4.925,3.98732,3.75104
4.926,3.52079,3.74124
4.927,4.00783,3.75259
4.928,3.93588,3.76038
4.929,4.19928,3.77906
4.93,3.65103,3.77361
4.931,3.93914,3.78065
4.932,4.23037,3.79978
4.933,3.80079,3.79983
4.934,3.76378,3.79829
4.935,3.76265,3.79678
4.936,4.01646,3.80612
4.937,3.70841,3.80197
4.938,3.47977,3.78826
4.939,3.98551,3.79665
4.94,4.32683,3.81921
4.941,4.07494,3.83009
4.942,3.51265,3.81658
4.943,4.05337,3.82666
4.944,3.7267,3.8224
4.945,4.43339,3.8484
4.946,3.8578,3.8488
4.947,3.38183,3.82893
4.948,3.93196,3.83331
4.949,3.92658,3.83728
4.95,3.80699,3.83599
4.951,4.38764,3.85946
4.952,4.36595,3.88101
4.953,3.73586,3.87483
4.954,3.85396,3.87395
4.955,3.84877,3.87287
4.956,3.35084,3.85067
4.957,3.9961,3.85685
4.958,3.99082,3.86255
4.959,4.1272,3.87381
4.96,4.19018,3.88727
4.961,3.84384,3.88542
4.962,4.0247,3.89135
4.963,3.93199,3.89308
4.964,3.93522,3.89487
4.965,4.01268,3.89988
4.966,4.34896,3.91899
4.967,4.12496,3.92775
4.968,3.7,3.91806
4.969,4.20315,3.93019
4.97,3.91923,3.92972
4.971,3.93429,3.92992
4.972,4.64924,3.96052
4.973,3.57267,3.94402
4.974,3.87872,3.94124
4.975,3.67933,3.9301
4.976,3.89705,3.92869
4.977,3.44351,3.90805
4.978,3.9568,3.91013
4.979,3.87996,3.90884
4.98,4.81606,3.94744
4.981,4.01596,3.95035
4.982,4.21153,3.96146
4.983,3.92571,3.95994
4.984,4.06021,3.96421
4.985,3.75039,3.95511
4.986,4.3064,3.97006
4.987,4.33024,3.98538
4.988,4.42633,4.00414
4.989,4.31634,4.01742
4.99,3.88942,4.01198
4.991,4.2674,4.02284
4.992,4.34761,4.03666
4.993,4.66949,4.06358
4.994,4.03805,4.0625
4.995,4.03547,4.06135
4.996,4.17046,4.06599
4.997,4.04883,4.06526
4.998,4.44352,4.08135
4.999,4.39774,4.09481
